ID,gene_psi1,gene_psi2,gene_psi3,gene_psi4,gene_psi1_N,gene_psi2_N,gene_psi3_N,gene_psi4_N,gene_N,site_psi1,site_psi2,site_psi3,site_psi4,site_psi1_N,site_psi2_N,site_psi3_N,site_psi4_N,site_N,quartet_psi1,quartet_psi2,quartet_psi3,quartet_psi4,quartet_psi1_N,quartet_psi2_N,quartet_psi3_N,quartet_psi4_N,quartet_N,quartet_psi1_pp,quartet_psi2_pp,quartet_psi3_pp,length_subs_per_site,length_coalescent
277,39.23,23.76,19.34,17.68,71,43,35,32,181,49.99,25.54,24.47,0,107.67,55,52.71,0,215.379,44.75,28.15,27.1,0,81,50.95,49.05,0,181,1,0,0,0.00123135,0.0034856
278,53.68,5.26,4.74,36.32,102,10,9,69,190,53.01,25.96,21.03,0,11.86,5.81,4.74,0,22.405,71.85,14.94,13.2,0,136.52,28.39,25.09,0,190,1,0,0,0.00300968,0.0129719
279,80.1,3.48,2.49,13.93,161,7,5,28,201,37.47,33.69,28.64,0,2.02,1.73,1.49,0,5.244,88.14,6.69,5.16,0,177.16,13.46,10.38,0,201,1,0,0,0.00752729,0.0255375
280,68.02,2.54,2.03,27.41,134,5,4,54,197,69.83,20.25,9.91,0,4.24,1.25,0.62,0,6.112,83.71,9.25,7.04,0,164.91,18.23,13.86,0,197,1,0,0,0.00699623,0.020899
281,11.56,11.06,5.03,72.36,23,22,10,144,199,19.57,48.99,31.44,0,2.17,5.41,3.39,0,10.974,41.97,32.07,25.96,0,83.52,63.81,51.66,0,199,0.98,0.01,0.01,0.00133997,0.00286599
282,4.88,2.93,2.93,89.27,10,6,6,183,205,20.22,40.73,39.05,0,4.11,8.26,7.99,0,20.36,41.01,34.28,24.71,0,84.07,70.28,50.65,0,205,0.95,0.04,0.01,0.00106966,0.00206967
283,0.94,4.72,3.77,90.57,2,10,8,192,212,25.7,41.89,32.41,0,15.99,26.09,20.14,0,62.216,33.56,34.63,31.81,0,71.14,73.42,67.44,0,212,0.33,0.45,0.22,3.84169e-4,3.19598e-4
284,3.21,1.83,0.92,94.04,7,4,2,205,218,25.46,45.34,29.2,0,14.01,24.94,16.03,0,54.976,36.29,35.56,28.15,0,79.11,77.52,61.37,0,218,0.52,0.4,0.08,0.00127833,8.37434e-4
285,3.06,6.63,2.04,88.27,6,13,4,173,196,26.09,38,35.91,0,15.06,21.91,20.78,0,57.755,38.53,36.72,24.75,0,75.52,71.98,48.51,0,196,0.66,0.31,0.03,6.65646e-4,0.00145935
286,7.37,4.21,1.58,86.84,14,8,3,165,190,30.16,47.05,22.79,0,21.94,34.21,16.59,0,72.735,45.74,27.28,26.98,0,86.91,51.83,51.26,0,190,1,0,0,0.00203467,0.00311306
287,2.99,4.98,2.99,89.05,6,10,6,179,201,26.85,50.35,22.8,0,19.83,37.15,16.84,0,73.82,36.2,32.56,31.24,0,72.76,65.44,62.79,0,201,0.61,0.22,0.17,0.00113143,8.89463e-4
288,4.46,6.93,2.97,85.64,9,14,6,173,202,20.59,53.44,25.97,0,12.33,31.95,15.54,0,59.813,41.41,31.77,26.82,0,83.64,64.17,54.19,0,202,0.97,0.02,0.01,0.00162938,0.00209149
289,10.19,7.77,1.46,80.58,21,16,3,166,206,24.02,48.84,27.14,0,5.38,10.89,6.09,0,22.357,46.58,27.69,25.73,0,95.95,57.04,53.01,0,206,1,0,0,0.00180814,0.00341009
290,5.83,9.71,2.91,81.55,12,20,6,168,206,27.34,42.81,29.85,0,9.08,14.17,9.93,0,33.177,36.82,33.22,29.96,0,75.84,68.44,61.72,0,206,0.67,0.22,0.12,0.00131139,0.00106754
291,11.43,7.43,5.14,76,20,13,9,133,175,45.78,27.52,26.7,0,53.21,32.02,31.06,0,116.286,40.31,29.93,29.76,0,70.55,52.37,52.08,0,175,0.92,0.04,0.04,0.00135898,0.00222446
292,23.16,7.91,6.21,62.71,41,14,11,111,177,49.7,35.39,14.91,0,16.7,11.87,5.03,0,33.599,52.08,24.14,23.77,0,92.19,42.73,42.08,0,177,1,0,0,0.00258656,0.00512033
293,48.28,7.88,7.88,35.96,98,16,16,73,203,33.56,44.95,21.49,0,27.62,37.03,17.69,0,82.343,66.89,17.54,15.58,0,135.78,35.6,31.62,0,203,1,0,0,0.00521647,0.0108951
294,86.15,1.54,1.03,11.28,168,3,2,22,195,68.55,16.85,14.59,0,124.84,30.74,26.6,0,182.184,93.28,4.26,2.46,0,181.89,8.3,4.81,0,195,1,0,0,0.0154456,0.0339176
295,50.52,11.98,10.42,27.08,97,23,20,52,192,47.46,31.95,20.6,0,40.79,27.49,17.74,0,86.016,61.36,20.02,18.62,0,117.81,38.43,35.75,0,192,1,0,0,0.00566303,0.00926466
296,58.19,1.13,1.13,39.55,103,2,2,70,177,60.56,23.79,15.65,0,23.24,9.15,6.03,0,38.413,79.7,11.67,8.63,0,141.06,20.65,15.28,0,177,1,0,0,0.00700298,0.0168972
297,15.12,14.53,12.79,57.56,26,25,22,99,172,23.87,41.08,35.05,0,3.26,5.52,4.75,0,13.535,34.96,34.4,30.63,0,60.13,59.18,52.69,0,172,0.44,0.38,0.18,9.69624e-4,8.42984e-4
298,24.81,9.3,5.43,60.47,32,12,7,78,129,41.54,45.04,13.42,0,7.94,8.64,2.59,0,19.162,38.16,34.02,27.81,0,49.23,43.89,35.88,0,129,0.68,0.23,0.09,0.00201197,0.00563974
299,96.69,0.83,0,2.48,117,1,0,3,121,87.82,7.49,4.69,0,101.17,8.65,5.42,0,115.253,98.36,1.64,0,0,119.01,1.98,0,0,121,1,0,0,0.0223063,0.0459318
300,42.36,28.47,20.14,9.03,61,41,29,13,144,49.46,41.37,9.17,0,10.95,9.17,2.05,0,22.168,45.82,32.3,21.88,0,65.97,46.52,31.51,0,144,1,0,0,0.00150291,0.00507863
301,81.25,7.64,6.25,4.86,117,11,9,7,144,95.35,3.47,1.18,0,343.51,12.52,4.24,0,360.266,81.95,9.72,8.32,0,118.01,14,11.99,0,144,1,0,0,0.00542443,0.0184857
302,23.78,4.2,2.1,69.93,34,6,3,100,143,31.23,46.44,22.33,0,24.15,36,17.27,0,77.417,51.13,31.87,17,0,73.12,45.58,24.31,0,143,1,0,0,0.00212745,0.00431001
303,22.79,19.85,11.76,45.59,31,27,16,62,136,32.26,41,26.75,0,18.34,23.35,15.24,0,56.923,42.87,35.68,21.45,0,58.31,48.52,29.17,0,136,0.94,0.05,0.01,0.00182276,0.00299269
304,84.52,4.52,0.65,10.32,131,7,1,16,155,92.02,4.61,3.37,0,751.37,37.66,27.51,0,816.545,91.56,5.19,3.26,0,141.91,8.04,5.05,0,155,1,0,0,0.0109271,0.0303392
305,96.67,0,0,3.33,145,0,0,5,150,96.26,1.94,1.8,0,426.75,8.6,7.98,0,443.319,98.92,0.89,0.19,0,148.38,1.34,0.28,0,150,1,0,0,0.0180612,0.0531711
306,45.19,11.11,1.48,42.22,61,15,2,57,135,42.88,32.37,24.75,0,73.73,55.67,42.57,0,171.969,67.6,20.85,11.55,0,91.26,28.14,15.6,0,135,1,0,0,0.00525596,0.010306
307,30.09,17.7,16.81,35.4,34,20,19,40,113,36.72,36.54,26.74,0,72.38,72,52.72,0,197.095,48.9,26.03,25.07,0,55.26,29.41,28.33,0,113,1,0,0,0.00202366,0.00564321
308,48.67,7.33,6,38,73,11,9,57,150,42.16,38.42,19.42,0,10.65,9.69,4.96,0,25.297,66.92,17.32,15.75,0,100.38,25.99,23.63,0,150,1,0,0,0.00447989,0.0103001
309,37.36,7.47,7.47,47.7,65,13,13,83,174,41.08,38.02,20.9,0,2.75,2.72,1.45,0,6.923,61.67,19.45,18.88,0,107.3,33.85,32.85,0,174,1,0,0,0.00391798,0.00858215
310,82.32,1.66,0.55,15.47,149,3,1,28,181,84.74,9.26,6,0,166.5,18.2,11.79,0,196.491,89.32,5.62,5.07,0,161.66,10.17,9.17,0,181,1,0,0,0.00775581,0.0273324
311,19.32,13.64,6.25,60.8,34,24,11,107,176,44.06,36.55,19.39,0,7.78,6.4,3.41,0,17.591,50.29,26.15,23.57,0,88.51,46.02,41.47,0,176,1,0,0,0.00180715,0.00454808
312,14.53,11.63,7.56,66.28,25,20,13,114,172,59.1,24.25,16.64,0,77.78,31.94,21.95,0,131.657,44.43,28.66,26.91,0,76.43,49.29,46.29,0,172,1,0,0,0.00198787,0.00292528
313,17.16,18.34,3.55,60.95,29,31,6,103,169,52.89,36.16,10.95,0,44.78,30.61,9.3,0,84.688,41.05,44.46,14.49,0,69.37,75.14,24.49,0,169,0.09,0.91,0,0.00109152,0.00216919
314,15.23,4.64,3.97,76.16,23,7,6,115,151,48.55,26.94,24.51,0,23.23,12.9,11.79,0,47.919,55.35,25.68,18.97,0,83.57,38.78,28.65,0,151,1,0,0,6.06869e-4,0.00563046
315,7.88,15.15,6.67,70.3,13,25,11,116,165,25.63,52.17,22.2,0,11.84,24.07,10.29,0,46.191,36.1,40.22,23.68,0,59.57,66.36,39.06,0,165,0.16,0.82,0.02,1.31265e-4,9.32958e-4
316,11.25,14.38,11.88,62.5,18,23,19,100,160,68.85,22.14,9.01,0,17.19,5.56,2.27,0,25.021,38.33,31.97,29.7,0,61.33,51.15,47.52,0,160,0.77,0.13,0.09,8.47175e-4,0.00132466
317,53.47,3.96,0.99,41.58,54,4,1,42,101,62.47,32.6,4.93,0,7.93,4.11,0.63,0,12.66,70.3,19.7,10,0,71,19.9,10.1,0,101,1,0,0,0.00295987,0.00870492
318,37.62,29.7,13.86,18.81,38,30,14,19,101,36.1,47.88,16.02,0,13.73,18.21,6.1,0,38.041,47.4,33.77,18.83,0,47.87,34.11,19.02,0,101,0.99,0.01,0,4.19764e-4,0.00402692
319,94.23,1.28,0.64,3.85,147,2,1,6,156,94.69,3.04,2.27,0,213.7,6.86,5.12,0,225.68,96.4,2.14,1.46,0,150.38,3.34,2.28,0,156,1,0,0,0.0134975,0.0397261
320,93.89,1.11,0.56,4.44,169,2,1,8,180,66.66,17.43,15.91,0,174.96,45.78,41.81,0,262.549,96.88,1.69,1.43,0,174.38,3.04,2.58,0,180,1,0,0,0.0188504,0.0438756
321,57.14,22.86,20,0,80,32,28,0,140,52.12,26.85,21.03,0,313.28,161.4,126.41,0,601.082,57.14,22.86,20,0,80,32,28,0,140,1,0,0,0.00411983,0.00645574
322,66.06,0.92,0.46,32.57,144,2,1,71,218,60.62,21.83,17.55,0,214.1,77.15,62.03,0,353.267,85.87,7.74,6.4,0,187.19,16.86,13.95,0,218,1,0,0,0.00795471,0.023677
323,6.45,4.15,4.15,85.25,14,9,9,185,217,35.54,33.77,30.7,0,60.22,57.24,52.04,0,169.494,35.08,35.11,29.81,0,76.11,76.19,64.69,0,217,0.43,0.44,0.13,6.52647e-4,6.08634e-4
324,6.64,5.69,0.95,86.73,14,12,2,183,211,33.85,41.06,25.09,0,33.78,40.99,25.08,0,99.848,40.8,34.51,24.69,0,86.09,72.82,52.1,0,211,0.94,0.05,0.01,5.46161e-4,0.00206506
325,23.12,0.5,0,76.38,46,1,0,152,199,37.76,35.56,26.68,0,28.93,27.28,20.47,0,76.681,55.9,22.57,21.53,0,111.24,44.92,42.84,0,199,1,0,0,0.0021349,0.00746135
326,79.27,0,0,20.73,153,0,0,40,193,52.29,32.5,15.21,0,25.17,15.69,7.37,0,48.236,94.48,2.89,2.63,0,182.35,5.57,5.08,0,193,1,0,0,0.0140866,0.0365004
327,17.1,12.44,9.33,61.14,33,24,18,118,193,19.14,43.17,37.7,0,2.86,6.27,5.5,0,14.62,41.92,29.74,28.35,0,80.9,57.39,54.71,0,193,0.98,0.01,0.01,5.9903e-4,0.00277315
328,22.28,7.77,5.18,64.77,43,15,10,125,193,56.45,28.31,15.24,0,8.1,4.11,2.22,0,14.424,48.55,27.47,23.98,0,93.7,53.01,46.29,0,193,1,0,0,0.00166656,0.00443443
329,32.83,6.06,4.55,56.57,65,12,9,112,198,50.28,25.8,23.92,0,10.49,5.41,5.04,0,20.938,59.61,22.58,17.81,0,118.03,44.71,35.26,0,198,1,0,0,0.00276247,0.00799969
330,68.16,1.68,0.56,29.61,122,3,1,53,179,61.4,24.08,14.52,0,16.39,6.48,3.9,0,26.776,82.68,9.45,7.87,0,148.01,16.91,14.08,0,179,1,0,0,0.00755064,0.0197996
331,41.46,24.39,7.32,26.83,17,10,3,11,41,46.46,36.48,17.06,0,5.01,3.9,1.85,0,10.761,49.44,38.53,12.03,0,20.27,15.8,4.93,0,41,0.9,0.09,0.01,0.00446021,9.77618e-4
332,46.1,17.73,16.31,19.86,65,25,23,28,141,62.49,24.33,13.18,0,23.93,9.3,5.04,0,38.272,53.77,23.68,22.56,0,75.81,33.39,31.8,0,141,1,0,0,0.00263011,0.00609537
333,72.66,6.25,3.91,17.19,93,8,5,22,128,77.07,13.44,9.49,0,36.17,6.32,4.46,0,46.956,79,11.21,9.79,0,101.12,14.35,12.53,0,128,1,0,0,0.00559754,0.0135808
334,31.09,21.01,9.24,38.66,37,25,11,46,119,51.02,33.13,15.85,0,13.28,8.65,4.16,0,26.095,41.21,34.88,23.91,0,49.04,41.51,28.45,0,119,0.85,0.12,0.03,4.98218e-4,0.00189682
335,24.51,20.59,11.76,43.14,25,21,12,44,102,51.6,25.87,22.52,0,19.39,9.71,8.48,0,37.575,42.11,36.17,21.73,0,42.95,36.89,22.16,0,102,0.84,0.14,0.02,4.95778e-4,0.00156333
336,24.61,13.61,13.09,48.69,47,26,25,93,191,26.16,52.76,21.09,0,2.07,4.12,1.66,0,7.85,43.03,29.79,27.18,0,82.19,56.9,51.91,0,191,0.99,0.01,0,0.00118311,0.00283468
337,65.34,2.84,2.27,29.55,115,5,4,52,176,57.28,34.86,7.86,0,20.2,12.35,2.82,0,35.364,79.82,10.43,9.75,0,140.49,18.36,17.16,0,176,1,0,0,0.0055674,0.0177386
338,48.21,30.36,5.36,16.07,27,17,3,9,56,55,34.52,10.48,0,8.37,5.27,1.62,0,15.26,49.26,41.73,9.01,0,27.58,23.37,5.05,0,56,0.9,0.09,0,0.00392041,0.0012697
339,71.15,12.5,3.85,12.5,74,13,4,13,104,92.97,5.4,1.63,0,104.89,6.09,1.85,0,112.828,73.78,18.1,8.12,0,76.74,18.82,8.44,0,104,1,0,0,0.00454855,0.00800676
340,69.71,2.86,1.71,25.71,122,5,3,45,175,73.82,19.96,5.92,0,2.86,0.83,0.23,0,3.923,84.33,8.12,7.55,0,147.57,14.22,13.21,0,175,1,0,0,0.00718601,0.0212177
341,64.39,6.82,4.55,24.24,85,9,6,32,132,85.21,10.48,4.31,0,5.29,0.69,0.29,0,6.274,76.42,14.46,9.12,0,100.88,19.09,12.04,0,132,1,0,0,0.00418941,0.0135943
342,41.6,24,20.8,13.6,52,30,26,17,125,38.46,41.1,20.43,0,28.46,30.41,15.11,0,73.979,48.08,29.62,22.3,0,60.1,37.02,27.87,0,125,1,0,0,5.81028e-4,0.00524602
343,77.07,5.1,5.1,12.74,121,8,8,20,157,84.06,11.54,4.4,0,29,3.98,1.52,0,34.497,82.45,9.29,8.26,0,129.44,14.59,12.96,0,157,1,0,0,0.00363205,0.0186562
344,58.92,4.32,3.78,32.97,109,8,7,61,185,60.45,26.21,13.34,0,3.34,1.51,0.8,0,5.657,70.1,16.43,13.48,0,129.68,30.39,24.93,0,185,1,0,0,0.00425937,0.0131979
345,94.67,1.18,0,4.14,160,2,0,7,169,94.29,3.28,2.43,0,92.28,3.22,2.38,0,97.881,97.46,1.99,0.55,0,164.7,3.37,0.93,0,169,1,0,0,0.0113216,0.0458029
346,89.09,0.61,0,10.3,147,1,0,17,165,88.41,6.04,5.55,0,14.93,1.06,0.97,0,16.953,95.22,3.02,1.75,0,157.12,4.99,2.89,0,165,1,0,0,0.0119405,0.0359768
347,37.67,32.19,27.4,2.74,55,47,40,4,146,31.12,39.31,29.57,0,36.13,45.65,34.34,0,116.118,38.42,33.45,28.12,0,56.1,48.84,41.06,0,146,0.74,0.18,0.08,5.76004e-4,0.00267758
348,91.89,0,0,8.11,136,0,0,12,148,89.83,5.31,4.86,0,18.45,1.11,1.01,0,20.57,95.87,3.5,0.63,0,141.89,5.18,0.93,0,148,1,0,0,0.0125285,0.0367992
349,43.8,27.01,13.14,16.06,60,37,18,22,137,32.38,47.43,20.19,0,5.99,8.85,3.77,0,18.604,51.47,31.74,16.79,0,70.52,43.48,23,0,137,1,0,0,3.74294e-4,0.00874526
350,48.45,34.78,9.32,7.45,78,56,15,12,161,82.51,10.02,7.48,0,124.72,15.14,11.31,0,151.172,49.71,37.26,13.03,0,80.04,59.98,20.98,0,161,1,0,0,0.00160139,0.00420521
351,36.98,3.13,1.56,58.33,71,6,3,112,192,57.44,21.39,21.16,0,13.86,5.15,5.11,0,24.113,64.73,17.81,17.46,0,124.28,34.2,33.52,0,192,1,0,0,0.00251223,0.00996124
352,28.8,12.5,12.5,46.2,53,23,23,85,184,61.03,20.92,18.06,0,6.42,2.17,1.92,0,10.508,42.85,28.81,28.33,0,78.85,53.02,52.13,0,184,0.99,0.01,0.01,0.00116164,0.00285531
353,86.11,1.39,1.39,11.11,62,1,1,8,72,43.63,54.91,1.46,0,1.56,1.92,0.06,0,3.544,86.82,9.06,4.12,0,62.51,6.52,2.96,0,72,1,0,0,0.0124649,0.0112167
354,94.38,0,0,5.62,168,0,0,10,178,94.06,3.19,2.74,0,98.78,3.37,2.89,0,105.041,97.32,1.7,0.98,0,173.24,3.02,1.74,0,178,1,0,0,0.0095621,0.0467217
355,52.47,33.95,10.49,3.09,85,55,17,5,162,42.62,32.87,24.5,0,29.03,22.41,16.7,0,68.14,53.1,35.12,11.79,0,86.02,56.89,19.1,0,162,1,0,0,3.41269e-4,0.00540437
356,26.97,11.24,9.55,52.25,48,20,17,93,178,19.53,57.86,22.61,0,1.89,5.62,2.2,0,9.708,44.01,29.05,26.94,0,78.33,51.71,47.96,0,178,0.99,0,0,7.94344e-4,0.00340879
357,92.59,0.62,0.62,6.17,150,1,1,10,162,97.5,1.92,0.58,0,193.89,3.82,1.16,0,198.871,95.47,2.74,1.79,0,154.66,4.43,2.91,0,162,1,0,0,0.00902919,0.0379901
358,82.76,2.59,1.72,12.93,96,3,2,15,116,45.53,42.39,12.08,0,2.74,2.84,0.76,0,6.336,85.62,9.01,5.37,0,99.32,10.45,6.23,0,116,1,0,0,0.00751724,0.015776
359,21.21,12.12,7.88,58.79,35,20,13,97,165,54.65,25.05,20.31,0,9.83,4.48,3.63,0,17.946,39.62,31.52,28.86,0,65.37,52.01,47.62,0,165,0.87,0.08,0.05,9.82478e-4,0.00332481
360,61.74,4.03,3.36,30.87,92,6,5,46,149,23.9,53.09,22.51,0,0.99,2.03,0.92,0,3.928,75.2,12.94,11.86,0,112.05,19.29,17.67,0,149,1,0,0,0.00537103,0.0154053
361,89.4,1.32,0.66,8.61,135,2,1,13,151,72.22,22.05,5.74,0,8.76,2.68,0.72,0,12.158,96.21,2.37,1.42,0,145.27,3.58,2.15,0,151,1,0,0,0.0156744,0.0383258
362,50.96,17.83,15.29,15.92,80,28,24,25,157,54.01,38.65,7.14,0,2.77,1.99,0.39,0,5.149,57.72,22.49,19.79,0,90.62,35.31,31.07,0,157,1,0,0,0.00244738,0.00979311
363,95,1.25,0.63,3.13,152,2,1,5,160,46.1,39.22,14.68,0,7.89,6.67,2.52,0,17.075,97.1,2,0.89,0,155.36,3.21,1.43,0,160,1,0,0,0.0111328,0.0438294
364,45.21,34.25,19.86,0.68,66,50,29,1,146,32.97,40.94,26.1,0,28.17,34.98,22.32,0,85.465,45.25,34.25,20.5,0,66.07,50,29.93,0,146,0.99,0.01,0,4.71992e-4,0.00367915
365,73.85,4.62,1.54,20,48,3,1,13,65,86.05,13.36,0.59,0,9.1,1.47,0.07,0,10.636,81.89,10.7,7.41,0,53.23,6.96,4.82,0,65,1,0,0,0.00791798,0.0136104
366,18.97,6.9,5.17,68.97,11,4,3,40,58,29.28,54.38,16.34,0,9.79,18.24,5.49,0,33.519,51.7,29.37,18.92,0,29.99,17.04,10.98,0,58,0.99,0.01,0,6.68441e-4,0.00844387
367,4.67,9.35,7.48,78.5,5,10,8,84,107,31.66,46.76,21.57,0,24.73,36.57,16.86,0,78.16,36.14,31.95,31.91,0,38.67,34.19,34.14,0,107,0.53,0.24,0.24,4.87845e-4,0.00213469
368,4.72,7.55,4.72,83.02,5,8,5,88,106,45.86,35.96,18.18,0,34.21,26.82,13.55,0,74.584,34.85,34.86,30.3,0,36.94,36.95,32.12,0,106,0.4,0.4,0.19,5.68955e-4,0.00140459
369,3.03,12.12,4.55,80.3,4,16,6,106,132,29.23,45.39,25.37,0,22.87,35.52,19.88,0,78.271,33.86,34.92,31.22,0,44.69,46.09,41.22,0,132,0.35,0.44,0.22,4.35607e-4,6.67641e-4
370,8.55,6.58,2.63,82.24,13,10,4,125,152,30.08,50.53,19.38,0,12.87,21.6,8.3,0,42.769,37.08,32.49,30.43,0,56.37,49.38,46.25,0,152,0.65,0.2,0.14,8.19996e-4,0.00085643100000000005
371,9.09,4.24,2.42,84.24,15,7,4,139,165,41.55,35.8,22.65,0,20.57,17.76,11.22,0,49.547,39.23,30.45,30.32,0,64.73,50.23,50.03,0,165,0.85,0.07,0.07,9.18262e-4,0.001331
372,17.57,13.51,10.14,58.78,26,20,15,87,148,30.09,51.81,18.11,0,48.89,84.2,29.43,0,162.53,38.51,32.45,29.03,0,57,48.03,42.97,0,148,0.77,0.15,0.09,7.2112e-4,0.00105313
373,9.79,5.59,4.2,80.42,14,8,6,115,143,37.55,39.71,22.75,0,27.2,28.77,16.46,0,72.436,38.76,30.97,30.26,0,55.43,44.29,43.28,0,143,0.79,0.11,0.1,7.66291e-4,9.74667e-4
374,79.79,5.32,3.19,11.7,75,5,3,11,94,75.82,20.13,4.05,0,42.48,11.26,2.27,0,56.011,86.72,7.29,5.98,0,81.52,6.86,5.62,0,94,1,0,0,0.00860478,0.0151633
375,97.5,0.63,0,1.88,156,1,0,3,160,77.74,13.27,8.98,0,20.23,3.49,2.37,0,26.086,97.76,1.14,1.1,0,156.41,1.82,1.77,0,160,1,0,0,0.0152604,0.0477287
376,49.66,26.9,22.07,1.38,72,39,32,2,145,33.16,36.87,29.97,0,40.49,45.06,36.6,0,122.154,49.66,27.05,23.3,0,72,39.22,33.78,0,145,1,0,0,5.41256e-4,0.00486948
377,96.2,0.63,0,3.16,152,1,0,5,158,92.03,4.51,3.46,0,344.11,16.86,12.97,0,373.929,99.29,0.67,0.04,0,156.88,1.07,0.06,0,158,1,0,0,0.0314986,0.0600999
378,6.45,6.99,2.69,83.87,12,13,5,156,186,28.56,36.35,35.09,0,2.52,3.15,3.09,0,8.752,39.3,31.95,28.75,0,73.09,59.43,53.48,0,186,0.87,0.08,0.05,6.92569e-4,0.00193014
379,12.87,5.85,2.34,78.95,22,10,4,135,171,35.6,34.07,30.33,0,1.63,1.56,1.45,0,4.642,44.59,29.99,25.42,0,76.25,51.28,43.47,0,171,1,0,0,9.4828e-4,0.00345848
380,55.42,3.61,1.2,39.76,92,6,2,66,166,6.09,79.17,14.34,0,0.2,2.1,0.45,0,2.745,70.8,15.66,13.55,0,117.52,25.99,22.49,0,166,1,0,0,0.00403981,0.0136485
381,85.88,0.59,0,13.53,146,1,0,23,170,53.76,29.2,16.24,0,2.16,1.08,0.61,0,3.859,93.89,3.23,2.88,0,159.61,5.49,4.89,0,170,1,0,0,0.00918176,0.034413
382,31.49,20.99,20.44,27.07,57,38,37,49,181,48.64,33.07,18.19,0,2.38,1.67,0.93,0,4.989,40.29,30.75,28.96,0,72.92,55.66,52.42,0,181,0.93,0.04,0.03,0.00134233,0.00314621
383,69.95,3.28,1.09,25.68,128,6,2,47,183,75.02,16.3,8.68,0,6.02,1.4,0.73,0,8.148,82.36,8.88,8.76,0,150.72,16.25,16.03,0,183,1,0,0,0.00478093,0.020081
384,47.93,4.14,2.96,44.97,81,7,5,76,169,38.57,51.08,10.35,0,9.86,13.07,2.67,0,25.59,68.65,16.86,14.48,0,116.02,28.5,24.48,0,169,1,0,0,0.00291162,0.011011
385,30.26,28.95,26.32,14.47,46,44,40,22,152,31.72,39.97,28.31,0,45.31,57.14,40.46,0,142.913,34.86,32.9,32.24,0,52.98,50.01,49.01,0,152,0.45,0.29,0.26,6.70736e-4,4.29543e-4
386,28.85,19.23,14.74,37.18,45,30,23,58,156,66.13,21.62,12.25,0,37.46,12.26,6.94,0,56.665,39.41,34.38,26.21,0,61.48,53.63,40.88,0,156,0.81,0.15,0.04,6.69374e-4,0.00134884
387,71.78,2.45,1.84,23.93,117,4,3,39,163,77.33,12.72,9.95,0,15.65,2.58,2.04,0,20.271,83.03,8.76,8.21,0,135.33,14.29,13.38,0,163,1,0,0,0.00517311,0.0189274
388,40.56,25.87,23.08,10.49,58,37,33,15,143,52.39,24.73,22.88,0,60.66,28.65,26.49,0,115.808,43.39,29.36,27.25,0,62.05,41.99,38.96,0,143,0.98,0.01,0.01,8.09601e-4,0.00305239
389,65.85,4.88,2.44,26.83,54,4,2,22,82,54.18,33.53,12.29,0,3.46,2.23,0.84,0,6.517,76.74,15.86,7.39,0,62.93,13.01,6.06,0,82,1,0,0,0.00424173,0.0103659
390,31.88,31.88,18.84,17.39,22,22,13,12,69,64.77,27.23,8,0,32.4,13.63,4,0,50.023,43.6,35.99,20.41,0,30.08,24.84,14.08,0,69,0.84,0.14,0.03,0.00128882,0.00508925
391,97.62,0.6,0,1.79,164,1,0,3,168,81.9,12.68,5.42,0,10.98,1.73,0.74,0,13.448,98.67,1.18,0.15,0,165.77,1.98,0.24,0,168,1,0,0,0.0200984,0.0543758
392,45,31.25,23.13,0.63,72,50,37,1,160,31.35,46.37,22.28,0,22.79,33.71,16.2,0,72.703,45.01,31.87,23.12,0,72.01,50.99,37,0,160,1,0,0,2.80555e-4,0.00376855
393,32.94,5.88,3.53,57.65,28,5,3,49,85,37.02,36.19,26.79,0,3.6,3.56,2.67,0,9.834,53.78,23.72,22.5,0,45.71,20.16,19.12,0,85,1,0,0,0.00235447,0.0070442
394,67.21,3.28,0,29.51,41,2,0,18,61,99.22,0.75,0.03,0,18.42,0.14,0.01,0,18.569,79.83,10.39,9.79,0,48.69,6.34,5.97,0,61,1,0,0,0.0061013,0.0105887
395,50.72,17.39,14.49,17.39,35,12,10,12,69,20.18,51.63,28.19,0,6.12,15.58,8.5,0,30.192,56.53,21.99,21.48,0,39.01,15.17,14.82,0,69,1,0,0,0.00243182,0.00376727
396,62.5,11.11,9.72,16.67,45,8,7,12,72,70.39,25.26,4.35,0,21.39,7.69,1.35,0,30.426,70.24,16.25,13.51,0,50.57,11.7,9.73,0,72,1,0,0,0.00310038,0.00719201
397,98.86,0,0,1.14,173,0,0,2,175,92.93,4.14,2.93,0,36.78,1.67,1.17,0,39.626,99.51,0.48,0.02,0,174.14,0.83,0.03,0,175,1,0,0,0.031917,0.0634995
398,52.38,27.98,19.64,0,88,47,33,0,168,23.41,47.05,29.54,0,25.45,51.12,32.1,0,108.672,52.38,27.98,19.64,0,88,47,33,0,168,1,0,0,2.92152e-4,0.00627417
399,22.29,1.14,0,76.57,39,2,0,134,175,29.26,39.37,31.37,0,11.38,15.34,12.22,0,38.946,55.59,23.63,20.78,0,97.29,41.35,36.36,0,175,1,0,0,0.00185566,0.00775446
400,75.24,3.81,1.9,19.05,79,4,2,20,105,84.19,10.01,5.8,0,59.28,7.08,4.11,0,70.463,82.54,9.95,7.51,0,86.67,10.45,7.89,0,105,1,0,0,0.00933874,0.01222
401,78.75,0.63,0,20.63,126,1,0,33,160,75.76,16.1,8.14,0,9.3,1.97,0.99,0,12.257,90.67,5.64,3.69,0,145.07,9.02,5.91,0,160,1,0,0,0.00765218,0.0283951
402,95.71,1.43,0.71,2.14,134,2,1,3,140,56.62,24.72,18.66,0,3.91,1.7,1.32,0,6.935,96.44,1.85,1.71,0,135.02,2.58,2.4,0,140,1,0,0,0.0152371,0.041358
403,86.76,8.09,4.41,0.74,118,11,6,1,136,96.95,1.64,1.41,0,302.09,5.12,4.39,0,311.594,87.49,8.09,4.42,0,118.99,11,6.01,0,136,1,0,0,0.00532891,0.0271882
404,32.93,33.53,21.56,11.98,55,56,36,20,167,36.83,31.81,31.35,0,2.37,2.02,1.94,0,6.322,37.87,36.74,25.38,0,63.25,61.36,42.39,0,167,0.57,0.38,0.05,0.00121405,0.00271186
405,90.4,0.8,0.8,8,113,1,1,10,125,86.98,7.79,5.23,0,40.7,3.66,2.47,0,46.834,93.98,3.84,2.18,0,117.47,4.8,2.73,0,125,1,0,0,0.0154431,0.0287294
406,54.7,23.08,18.8,3.42,64,27,22,4,117,63.04,18.79,18.17,0,74.52,22.22,21.48,0,118.216,55.61,24.73,19.66,0,65.06,28.93,23.01,0,117,1,0,0,0.00197646,0.00824463
407,92.24,1.72,0,6.03,107,2,0,7,116,80.04,16.14,3.81,0,45.48,9.18,2.18,0,56.835,94.27,3.78,1.95,0,109.35,4.39,2.26,0,116,1,0,0,0.0144708,0.027068
408,40.16,3.94,0.79,55.12,51,5,1,70,127,58.04,27.12,14.84,0,59.18,27.7,15.16,0,102.035,69.99,15.95,14.06,0,88.89,20.25,17.86,0,127,1,0,0,0.00572673,0.0114065
409,33.93,8.93,2.68,54.46,38,10,3,61,112,27.67,42.84,29.49,0,22.15,34.29,23.57,0,80,55.72,29.85,14.43,0,62.4,33.43,16.16,0,112,1,0,0,0.00440178,0.00839299
410,40.67,4.67,1.33,53.33,61,7,2,80,150,48.38,26.34,25.28,0,58.22,31.73,30.45,0,120.403,62.19,20.43,17.38,0,93.29,30.64,26.07,0,150,1,0,0,0.00788672,0.0143639
411,93.49,0,0,6.51,158,0,0,11,169,87.26,6.78,5.96,0,412.18,32.04,28.16,0,472.381,98.85,0.67,0.48,0,167.06,1.13,0.81,0,169,1,0,0,0.0474215,0.050825
412,22.08,13.42,9.52,54.98,51,31,22,127,231,45.95,34.2,19.85,0,211.16,157.28,91.27,0,459.701,36.45,35.34,28.21,0,84.21,81.63,65.17,0,231,0.56,0.37,0.08,0.00147961,0.0017108100000000001
413,17.65,13.57,13.12,55.66,39,30,29,123,221,20.54,59.85,19.61,0,37.07,108.18,35.39,0,180.636,37.25,34.6,28.15,0,82.31,76.47,62.22,0,221,0.68,0.25,0.07,6.30756e-4,0.00221269
414,95.48,1.51,1.01,2.01,190,3,2,4,199,90.34,8.23,1.43,0,1654.34,150.64,26.25,0,1831.232,96.33,2.11,1.56,0,191.69,4.2,3.11,0,199,1,0,0,0.0230335,0.0385212
415,48.75,4.17,2.5,44.58,117,10,6,107,240,23.01,49.13,27.86,0,46.68,99.66,56.58,0,202.924,68.14,18.84,13.02,0,163.54,45.21,31.25,0,240,1,0,0,0.0046207,0.0116256
416,37.34,3.32,1.66,57.68,90,8,4,139,241,35.64,40.23,24.13,0,79.14,89.44,53.6,0,222.183,60.33,21.13,18.54,0,145.39,50.93,44.68,0,241,1,0,0,0.00321857,0.00819521
417,15.81,14.53,8.97,60.68,37,34,21,142,234,40.25,31.87,27.88,0,15.3,12.15,10.63,0,38.074,32.96,33.53,33.52,0,77.12,78.45,78.43,0,234,0.3,0.35,0.35,9.04305e-4,5.83604e-4
418,20.6,12.06,6.53,60.8,41,24,13,121,199,29.69,43.77,26.54,0,2.02,2.96,1.87,0,6.854,45.9,27.63,26.48,0,91.33,54.97,52.7,0,199,1,0,0,0.00193736,0.00562309
419,96.3,0.53,0.53,2.65,182,1,1,5,189,96.3,2.68,1.03,0,311.14,8.65,3.32,0,323.104,97.06,2.07,0.87,0,183.45,3.92,1.64,0,189,1,0,0,0.0223421,0.0418032
420,48.7,7.14,5.19,38.96,75,11,8,60,154,72.3,18.29,9.4,0,6.14,1.61,0.85,0,8.601,66.93,17.42,15.65,0,103.07,26.82,24.1,0,154,1,0,0,0.0043115,0.0103929
421,67.35,7.14,7.14,18.37,66,7,7,18,98,77.52,11.51,10.97,0,42.05,6.27,5.97,0,54.282,73.25,13.52,13.24,0,71.78,13.25,12.97,0,98,1,0,0,0.00862897,0.012496
422,75.29,10.59,9.41,4.71,64,9,8,4,85,91.07,4.64,4.3,0,127.23,6.48,6.02,0,139.724,77.53,11.88,10.59,0,65.9,10.1,9,0,85,1,0,0,0.00436684,0.0122763
423,92.98,0,0,7.02,212,0,0,16,228,77.99,15.5,6.5,0,45.62,9.15,3.84,0,58.602,97.33,1.54,1.13,0,221.92,3.51,2.57,0,228,1,0,0,0.0206784,0.0480188
424,48.05,23.38,22.08,6.49,111,54,51,15,231,12.02,59.4,28.58,0,6.87,34.15,16.35,0,57.374,50.44,26.14,23.42,0,116.52,60.38,54.1,0,231,1,0,0,0.00139049,0.00493615
425,83.04,9.38,2.68,4.91,186,21,6,11,224,95.32,2.69,1.99,0,548.18,15.49,11.44,0,575.11,85.26,11.61,3.13,0,190.99,26,7.02,0,224,1,0,0,0.00550977,0.023031
426,43.1,1.67,1.26,53.97,103,4,3,129,239,59.07,22.61,18.32,0,68.81,26.37,21.35,0,116.528,71.35,14.76,13.88,0,170.53,35.29,33.18,0,239,1,0,0,0.00642457,0.0132855
427,26.41,4.33,3.9,65.37,61,10,9,151,231,27.7,48.9,23.4,0,46.19,81.59,39.01,0,166.793,49.92,27.52,22.55,0,115.32,63.58,52.1,0,231,1,0,0,0.0016446,0.00448054
428,30.57,13.97,13.54,41.92,70,32,31,96,229,41.69,38.52,19.79,0,37.71,34.82,17.9,0,90.431,44.56,30.27,25.17,0,102.04,69.32,57.64,0,229,1,0,0,0.00180526,0.00298309
429,77.63,3.95,3.51,14.91,177,9,8,34,228,86.38,7.51,6.12,0,632.92,55.01,44.83,0,732.758,85.22,7.53,7.25,0,194.29,17.18,16.53,0,228,1,0,0,0.00583047,0.0229616
430,12.72,13.16,10.09,64.04,29,30,23,146,228,21.02,53.61,25.37,0,33.1,84.42,39.94,0,157.46,33.68,35.66,30.65,0,76.8,81.31,69.89,0,228,0.3,0.55,0.15,0.00247511,1.80535e-4
431,42.51,5.31,5.31,46.86,88,11,11,97,207,40.86,33.58,25.56,0,92.68,76.27,57.99,0,226.938,63.8,20.65,15.55,0,132.08,42.74,32.18,0,207,1,0,0,0.00310867,0.00870011
432,36.11,18.89,14.44,30.56,65,34,26,55,180,51.9,31.36,16.74,0,126.18,76.28,40.66,0,243.123,44.71,29.05,26.24,0,80.47,52.29,47.23,0,180,1,0,0,0.00257206,0.00317955
433,67.46,8.28,7.69,16.57,114,14,13,28,169,52.63,40.25,7.13,0,310.21,237.27,42.04,0,589.518,75.05,14.35,10.6,0,126.83,24.26,17.91,0,169,1,0,0,0.00431719,0.0124521
434,76.3,1.16,0.58,21.97,132,2,1,38,173,52.06,33.76,14.18,0,274.11,177.82,74.74,0,526.661,85.46,8.27,6.27,0,147.84,14.31,10.84,0,173,1,0,0,0.00935667,0.0181314
435,57.8,8.26,2.75,31.19,63,9,3,34,109,48.07,31.03,20.9,0,53.69,34.69,23.37,0,111.751,71.69,17.86,10.44,0,78.15,19.47,11.38,0,109,1,0,0,0.00643149,0.0105079
436,29.87,19.48,14.29,36.36,23,15,11,28,77,42.5,29.4,28.1,0,40.92,28.31,27.07,0,96.307,40.43,32.26,27.31,0,31.13,24.84,21.03,0,77,0.76,0.15,0.09,0.0017808,0.00324792
437,53.13,7.81,6.25,32.81,34,5,4,21,64,56.65,24.16,19.19,0,67.52,28.81,22.88,0,119.206,65.1,18.56,16.34,0,41.66,11.88,10.46,0,64,1,0,0,0.00360312,0.00521009
438,72.22,8.33,2.78,16.67,26,3,1,6,36,82.59,10.16,7.25,0,51.97,6.41,4.57,0,62.938,76.51,16.39,7.1,0,27.55,5.9,2.56,0,36,1,0,0,0.0127933,0.00488889
439,10.69,17.56,3.05,68.7,14,23,4,90,131,39.35,30.57,30.08,0,36.89,28.7,28.21,0,93.807,39.57,42.54,17.9,0,51.83,55.72,23.44,0,131,0.2,0.79,0.01,0.00200072,0.00282226
440,53.92,0,0,46.08,55,0,0,47,102,63.24,22.27,14.49,0,16.06,5.64,3.68,0,25.383,78.03,12.51,9.47,0,79.59,12.76,9.65,0,102,1,0,0,0.00558303,0.0157976
441,91.26,1.94,0,6.8,94,2,0,7,103,73.17,15.53,11.3,0,14.57,3.14,2.3,0,20.009,94.23,3.89,1.88,0,97.06,4,1.94,0,103,1,0,0,0.0122947,0.0370176
442,100,0,0,0,100,0,0,0,100,99.58,0.23,0.19,0,743.74,1.73,1.42,0,746.878,100,0,0,0,100,0,0,0,100,1,0,0,0.0175404,0.0619864
443,38.04,19.57,18.48,23.91,35,18,17,22,92,18.92,52.33,28.74,0,6.48,17.93,9.81,0,34.208,45.39,31.29,23.32,0,41.76,28.79,21.45,0,92,0.97,0.02,0.01,0.00163593,0.00476055
444,82.67,5.33,0,12,62,4,0,9,75,76.87,11.64,11.49,0,260.99,39.52,39.01,0,339.517,86.54,7.17,6.29,0,64.9,5.38,4.72,0,75,1,0,0,0.00917539,0.017821
445,13.89,2.78,0.93,82.41,15,3,1,89,108,38.56,34.31,27.13,0,23.09,20.56,16.27,0,59.915,48.8,30.61,20.59,0,52.7,33.06,22.24,0,108,1,0,0,0.00286032,0.0037685
446,8.75,3.75,3.75,83.75,7,3,3,67,80,42.47,32.88,24.65,0,22.55,17.42,13.09,0,53.065,37.49,33.84,28.67,0,29.99,27.08,22.93,0,80,0.57,0.29,0.15,0.00126272,0.00378504
447,47.62,1.59,0,50.79,30,1,0,32,63,37.21,40.33,22.46,0,13.16,14.31,7.93,0,35.391,71.2,17.9,10.9,0,44.86,11.28,6.87,0,63,1,0,0,0.00362898,0.00941098
448,67.11,3.95,2.63,26.32,51,3,2,20,76,57.07,27.12,15.81,0,64.74,30.8,17.95,0,113.499,80.83,12.09,7.08,0,61.43,9.19,5.38,0,76,1,0,0,0.00806988,0.0160995
449,26.76,29.58,22.54,21.13,19,21,16,15,71,40.49,33.55,25.96,0,43.66,36.16,27.98,0,107.8,37.68,33.05,29.27,0,26.75,23.47,20.78,0,71,0.57,0.26,0.17,0.00204925,0.00239144
450,69.05,7.14,7.14,16.67,29,3,3,7,42,70.08,17.75,12.18,0,106.5,26.98,18.52,0,152,78.69,12.02,9.29,0,33.05,5.05,3.9,0,42,1,0,0,0.00696291,0.00960119
451,65.57,3.28,1.64,29.51,40,2,1,18,61,51.58,27.25,21.18,0,16.24,8.6,6.72,0,31.556,78.13,11.99,9.88,0,47.66,7.32,6.03,0,61,1,0,0,0.0101707,0.0146818
452,87.32,1.41,0,11.27,62,1,0,8,71,57.84,22.22,19.93,0,13.75,5.31,4.75,0,23.8,93.93,3.1,2.97,0,66.69,2.2,2.11,0,71,1,0,0,0.0158309,0.0314451
453,10.84,7.23,0,81.93,9,6,0,68,83,25.92,37.17,36.91,0,2.76,3.97,3.93,0,10.652,34.16,36.04,29.8,0,28.35,29.92,24.73,0,83,0.34,0.48,0.19,8.11508e-4,0.00105495
454,8.33,6.94,2.78,81.94,6,5,2,59,72,26.91,46.21,26.88,0,6.96,11.86,6.97,0,25.781,33.49,35.86,30.65,0,24.11,25.82,22.07,0,72,0.32,0.46,0.22,7.08659e-4,2.86045e-4
455,20,16.92,4.62,58.46,13,11,3,38,65,36.55,47.51,15.94,0,31.49,40.92,13.73,0,86.147,40.05,34.01,25.94,0,26.03,22.11,16.86,0,65,0.68,0.23,0.09,0.00107964,0.00135827
456,3.66,4.88,0,91.46,3,4,0,75,82,47.32,31.02,21.66,0,5.87,3.9,2.72,0,12.486,36.89,34.45,28.66,0,30.25,28.25,23.5,0,82,0.52,0.33,0.15,3.30412e-4,9.90052e-4
457,24.62,7.69,1.54,66.15,16,5,1,43,65,37.81,36.14,26.05,0,12.71,12.16,8.81,0,33.675,43.54,32.07,24.4,0,28.3,20.84,15.86,0,65,0.87,0.09,0.04,0.00140424,0.00194122
458,26.03,1.37,1.37,71.23,19,1,1,52,73,35.47,43.9,20.63,0,5.48,6.88,3.22,0,15.578,54.1,25.59,20.31,0,39.49,18.68,14.83,0,73,1,0,0,0.00208646,0.00525121
459,29.85,22.39,11.94,35.82,20,15,8,24,67,46.48,28.25,25.27,0,42.61,25.9,23.17,0,91.685,43.32,29.92,26.76,0,29.02,20.05,17.93,0,67,0.88,0.07,0.05,0.00125498,0.00214061
460,66.67,5.56,5.56,22.22,48,4,4,16,72,75.98,14.77,9.26,0,67.68,13.19,8.27,0,89.142,76.79,12.42,10.79,0,55.29,8.94,7.77,0,72,1,0,0,0.00531675,0.0140782
461,8.33,3.7,2.78,85.19,9,4,3,92,108,34.16,37.05,28.78,0,29.91,32.47,25.23,0,87.613,35.06,34.51,30.44,0,37.86,37.27,32.87,0,108,0.42,0.38,0.2,0.00114997,0.0014806
462,26.67,1.33,0,72,20,1,0,54,75,45.13,33.6,21.27,0,13.04,9.7,6.13,0,28.87,62.16,22.14,15.7,0,46.62,16.61,11.77,0,75,1,0,0,0.00350467,0.0106425
463,50,12.5,4.17,33.33,24,6,2,16,48,41.53,30.41,28.07,0,12.62,9.29,8.55,0,30.456,60.99,21.15,17.86,0,29.28,10.15,8.57,0,48,1,0,0,0.00567694,0.00825653
464,63.04,10.87,4.35,21.74,29,5,2,10,46,58.6,22.31,19.09,0,61.9,23.59,20.2,0,105.684,73.86,18.14,8,0,33.98,8.35,3.68,0,46,1,0,0,0.00920161,0.0121443
465,60.61,10.61,1.52,27.27,40,7,1,18,66,48.6,27.25,24.15,0,32.75,18.39,16.3,0,67.432,71.22,15.83,12.95,0,47,10.45,8.55,0,66,1,0,0,0.00631485,0.0122409
466,56.25,5,2.5,36.25,45,4,2,29,80,42.67,32.76,24.58,0,12.78,9.81,7.43,0,30.017,70.76,15.13,14.11,0,56.61,12.11,11.29,0,80,1,0,0,0.00588376,0.0121259
467,21.79,17.95,12.82,47.44,17,14,10,37,78,35.64,40.21,24.15,0,14.41,16.27,9.8,0,40.47,39.36,33.88,26.77,0,30.7,26.42,20.88,0,78,0.68,0.23,0.1,0.00119714,0.00181118
468,20.27,9.46,8.11,62.16,15,7,6,46,74,40.85,30.37,28.78,0,37.48,27.88,26.39,0,91.754,43.9,30.7,25.41,0,32.48,22.72,18.8,0,74,0.91,0.06,0.03,0.001324,0.00238095
469,19.7,10.61,6.06,63.64,13,7,4,42,66,43.84,31.4,24.76,0,15.47,11.07,8.73,0,35.27,46.61,27.96,25.43,0,30.76,18.46,16.78,0,66,0.96,0.02,0.02,0.00104207,0.00350353
470,60,2.22,2.22,35.56,27,1,1,16,45,53.18,33.76,13.06,0,13.11,8.34,3.25,0,24.705,68.93,16.76,14.31,0,31.02,7.54,6.44,0,45,1,0,0,0.00554595,0.0106562
471,100,0,0,0,14,0,0,0,14,97.53,1.35,1.12,0,87.24,1.21,1,0,89.45,100,0,0,0,14,0,0,0,14,1,0,0,0.0180736,0.018894
472,17.31,15.38,9.62,57.69,9,8,5,30,52,26,44.4,29.6,0,7.39,12.56,8.4,0,28.348,37.05,34.02,28.93,0,19.27,17.69,15.05,0,52,0.49,0.32,0.19,7.76492e-4,5.84517e-4
473,87.72,1.75,0,10.53,50,1,0,6,57,85.85,7.81,6.34,0,82.6,7.53,6.11,0,96.243,91.42,4.48,4.1,0,52.11,2.55,2.34,0,57,1,0,0,0.0166199,0.0208192
474,73.68,3.51,3.51,19.3,42,2,2,11,57,46.72,29.9,23.38,0,22.13,14.23,11.11,0,47.463,81.51,11.06,7.43,0,46.46,6.3,4.24,0,57,1,0,0,0.0114366,0.017723
475,73.58,7.55,5.66,13.21,39,4,3,7,53,54.07,24.78,21.15,0,50.18,23.04,19.66,0,92.875,77.47,15.14,7.4,0,41.06,8.02,3.92,0,53,1,0,0,0.00821991,0.0157282
476,54.05,16.22,8.11,21.62,20,6,3,8,37,51.52,26.22,22.26,0,27.64,14.08,11.97,0,53.686,61.75,21.93,16.32,0,22.85,8.11,6.04,0,37,1,0,0,0.00700992,0.0077351
477,22.22,33.33,27.78,16.67,4,6,5,3,18,26.46,48.83,24.71,0,3.94,7.23,3.7,0,14.86,27.79,38.81,33.4,0,5,6.99,6.01,0,18,0.22,0.47,0.31,0.00110272,0.00665581
478,79.31,3.45,0,17.24,23,1,0,5,29,62.85,19.71,17.43,0,27.99,8.83,7.8,0,44.618,89.62,5.2,5.18,0,25.99,1.51,1.5,0,29,1,0,0,0.0119365,0.016388
479,36.36,31.82,22.73,9.09,16,14,10,4,44,33.82,47.2,18.99,0,29.89,41.69,16.79,0,88.365,38.7,35.68,25.61,0,17.03,15.7,11.27,0,44,0.53,0.34,0.13,0.00106777,0.00161623
480,96.92,0,0,3.08,63,0,0,2,65,88.54,6.41,5.05,0,289.48,20.96,16.54,0,326.982,98.47,1.48,0.05,0,64,0.96,0.03,0,65,1,0,0,0.0279109,0.039094
481,10.67,5.33,1.33,82.67,8,4,1,62,75,34.18,43.46,22.36,0,25.99,33.1,17,0,76.084,42.63,33.78,23.6,0,31.97,25.33,17.7,0,75,0.85,0.12,0.04,8.72496e-4,0.00225255
482,47.76,7.46,1.49,43.28,32,5,1,29,67,57.55,23.89,18.56,0,48.06,19.96,15.51,0,83.524,62.07,24.28,13.65,0,41.59,16.27,9.15,0,67,1,0,0,0.00638515,0.00595331
483,40,13.33,11.67,35,24,8,7,21,60,54,23,23,0,54.87,23.41,23.41,0,101.692,48.38,29.04,22.57,0,29.03,17.43,13.54,0,60,0.97,0.02,0.01,0.00253049,0.00268023
484,44.44,13.89,5.56,36.11,16,5,2,13,36,34.3,47.02,18.69,0,13.19,18.01,7.16,0,38.354,56.07,28.46,15.47,0,20.19,10.25,5.57,0,36,0.99,0.01,0,0.0025305,0.00227863
485,94.17,0.97,0,4.85,97,1,0,5,103,88.91,6.39,4.69,0,622.58,44.79,32.86,0,700.221,96.05,3.12,0.82,0,98.93,3.22,0.85,0,103,1,0,0,0.020981,0.036424
486,97.94,0.52,0,1.55,190,1,0,3,194,85.77,9.56,4.67,0,171.96,19.18,9.38,0,200.512,99.06,0.79,0.14,0,192.18,1.54,0.28,0,194,1,0,0,0.0289528,0.0581636
487,44.69,29.05,25.14,1.12,80,52,45,2,179,29.01,49.97,21.02,0,5.93,10.22,4.3,0,20.446,45.25,29.33,25.42,0,81,52.5,45.5,0,179,1,0,0,0.00231726,0.00633978
488,90.11,4.95,1.1,3.85,164,9,2,7,182,96.94,1.95,1.11,0,525,10.55,6.03,0,541.578,93.13,5.22,1.66,0,169.49,9.49,3.01,0,182,1,0,0,0.00749007,0.0323239
489,97.06,0,0,2.94,99,0,0,3,102,99.26,0.61,0.14,0,661.9,4.04,0.92,0,666.864,98.94,1.04,0.02,0,100.92,1.06,0.02,0,102,1,0,0,0.027704,0.0378944
490,70.1,0.52,0,29.38,136,1,0,57,194,66.81,18.65,14.54,0,85.94,24.04,18.73,0,128.717,90.37,6.34,3.29,0,175.31,12.3,6.39,0,194,1,0,0,0.0103681,0.0291581
491,52.72,1.09,1.09,45.11,97,2,2,83,184,52.63,28.51,18.86,0,15.77,8.6,5.68,0,30.05,78.72,11.54,9.73,0,144.85,21.24,17.91,0,184,1,0,0,0.00568817,0.0176246
492,10.27,8.9,2.74,78.08,15,13,4,114,146,36.75,35.59,27.66,0,22.88,22.13,17.2,0,62.204,39.15,30.58,30.27,0,57.15,44.65,44.2,0,146,0.82,0.09,0.09,0.0010967,0.00199173
493,6.54,3.92,1.31,88.24,10,6,2,135,153,37.77,35.02,27.21,0,48.45,44.91,34.93,0,128.291,37.55,31.45,31,0,57.45,48.13,47.43,0,153,0.7,0.16,0.14,8.40883e-4,0.00125389
494,0.5,1.01,1.01,97.49,1,2,2,194,199,34.86,34.12,31.02,0,33.96,33.22,30.21,0,97.381,36.14,34.21,29.64,0,71.92,68.08,58.99,0,199,0.57,0.31,0.12,7.52036e-4,7.01344e-4
495,4.35,0.54,0,95.11,8,1,0,175,184,44.1,30.93,24.98,0,47.69,33.52,27.02,0,108.224,37.13,33.71,29.16,0,68.32,62.02,53.66,0,184,0.67,0.23,0.1,0.00103901,9.3155e-4
496,14.97,7.19,5.99,71.86,25,12,10,120,167,41.55,38.05,20.4,0,44.33,40.67,21.76,0,106.757,39.06,34.63,26.3,0,65.24,57.83,43.93,0,167,0.79,0.17,0.04,0.00162938,0.00203151
497,77.71,4.22,3.01,15.06,129,7,5,25,166,87.29,7.18,5.53,0,541.58,44.52,34.34,0,620.443,84.86,9.09,6.06,0,140.86,15.08,10.06,0,166,1,0,0,0.00767249,0.0207839
498,1.56,2.6,0,95.83,3,5,0,184,192,28.79,46.77,24.43,0,21.68,35.12,18.39,0,75.187,38.44,34.32,27.24,0,73.8,65.9,52.31,0,192,0.77,0.18,0.05,5.97194e-4,0.00119873
499,3.91,5.03,3.35,87.71,7,9,6,157,179,20.86,50.63,28.51,0,17.7,43.07,24.21,0,84.98,34.19,34.66,31.16,0,61.19,62.04,55.77,0,179,0.38,0.43,0.2,4.18538e-4,3.69018e-4
500,52.15,3.07,1.23,43.56,85,5,2,71,163,81.74,9.37,8.88,0,453.7,52.04,49.32,0,555.052,74.16,14,11.84,0,120.88,22.82,19.3,0,163,1,0,0,0.00592179,0.012843
501,15,1.88,1.25,81.88,24,3,2,131,160,32.87,39.85,27.28,0,67.26,81.56,55.82,0,204.638,36.58,33.72,29.7,0,58.53,53.95,47.51,0,160,0.59,0.27,0.13,0.00200436,6.53677e-4
502,12.95,0.52,0,86.53,25,1,0,167,193,58.93,24.21,16.87,0,36.71,15.09,10.53,0,62.323,51.94,26.69,21.38,0,100.24,51.51,41.26,0,193,1,0,0,0.00209283,0.00494406
503,7.27,9.7,1.82,81.21,12,16,3,134,165,34.43,39.77,25.8,0,29.21,33.82,21.93,0,84.964,37.85,31.36,30.79,0,62.45,51.74,50.81,0,165,0.74,0.13,0.12,7.37742e-4,0.00120963
504,12.18,5.13,3.21,79.49,19,8,5,124,156,42.87,32.94,24.18,0,70.55,54.21,39.8,0,164.564,44.72,30.37,24.91,0,69.76,47.38,38.86,0,156,0.99,0,0,0.00166729,0.0027886
505,21.43,8.33,4.76,65.48,36,14,8,110,168,48.84,30.2,20.96,0,91.1,56.35,39.12,0,186.57,49.07,28.43,22.5,0,82.43,47.77,37.8,0,168,1,0,0,0.00166978,0.00413765
506,22.64,23.9,11.32,42.14,36,38,18,67,159,36.34,36.97,26.7,0,24.35,24.74,17.87,0,66.96,38.75,39.02,22.23,0,61.61,62.05,35.34,0,159,0.46,0.52,0.02,0.00103945,0.00268086
507,86.3,2.05,0,11.64,126,3,0,17,146,95.22,3.25,1.53,0,547.2,18.68,8.82,0,574.692,93.21,5.42,1.37,0,136.08,7.92,2,0,146,1,0,0,0.00909424,0.0308701
508,30.36,2.38,1.19,66.07,51,4,2,111,168,55.31,25.15,19.54,0,123.09,56,43.52,0,222.612,52.86,24.23,22.91,0,88.8,40.71,38.48,0,168,1,0,0,0.00327166,0.00473941
509,67.23,1.13,0.56,31.07,119,2,1,55,177,64.94,21.29,13.77,0,46.75,15.38,9.93,0,72.064,83.49,8.76,7.75,0,147.78,15.5,13.72,0,177,1,0,0,0.00753079,0.0210414
510,44.64,19.05,17.26,19.05,75,32,29,32,168,36.6,32.37,31.03,0,27,23.91,22.92,0,73.823,52.15,26.31,21.54,0,87.61,44.2,36.19,0,168,1,0,0,0.00249271,0.00557899
511,59.88,14.2,11.73,14.2,97,23,19,23,162,77.04,13,9.96,0,243.31,41.08,31.46,0,315.85,65.46,18.49,16.05,0,106.05,29.96,26,0,162,1,0,0,0.00323686,0.0092461
512,47.78,7.22,5.56,39.44,86,13,10,71,180,45.44,29.17,25.4,0,47.32,30.41,26.48,0,104.211,62.79,19.17,18.04,0,113.03,34.51,32.47,0,180,1,0,0,0.00350145,0.00865261
513,38.65,22.7,22.7,15.95,63,37,37,26,163,54.94,24.57,20.49,0,210.56,94.18,78.56,0,383.297,45.73,28.65,25.62,0,74.54,46.69,41.77,0,163,1,0,0,0.00239483,0.00290926
514,95.98,0.5,0,3.52,191,1,0,7,199,93.72,3.83,2.45,0,219.56,8.99,5.75,0,234.302,97.79,1.26,0.94,0,194.61,2.51,1.88,0,199,1,0,0,0.0180237,0.0492526
515,57.24,21.71,20.39,0.66,87,33,31,1,152,60.07,21.13,18.8,0,116.4,40.94,36.43,0,193.777,57.29,21.71,20.99,0,87.08,33,31.91,0,152,1,0,0,0.00154026,0.00625887
516,77.07,0.64,0,22.29,121,1,0,35,157,77.44,13.08,9.48,0,121.57,20.57,14.93,0,157.067,87.19,6.42,6.4,0,136.88,10.07,10.04,0,157,1,0,0,0.0124195,0.0218958
517,45.59,24.26,23.53,6.62,62,33,32,9,136,51.29,24.89,23.82,0,146.55,71.13,68.08,0,285.766,49.93,25.54,24.53,0,67.9,34.74,33.36,0,136,1,0,0,0.00293127,0.00622904
518,93.75,0,0,6.25,120,0,0,8,128,92.99,4.08,2.93,0,571.63,25.11,18,0,614.737,96.78,2.7,0.52,0,123.88,3.45,0.66,0,128,1,0,0,0.0174579,0.0352729
519,33,2,1.5,63.5,66,4,3,127,200,63.08,24.86,12.06,0,52.77,20.83,10.11,0,83.707,53.06,24.12,22.82,0,106.12,48.24,45.64,0,200,1,0,0,0.00507605,0.00693139
520,97.59,0,0,2.41,162,0,0,4,166,94.59,3.33,2.08,0,366.77,12.9,8.08,0,387.756,99.54,0.33,0.13,0,165.23,0.55,0.22,0,166,1,0,0,0.0209467,0.0578578
521,37.1,34.68,28.23,0,46,43,35,0,124,32.23,44.57,23.19,0,50.15,69.33,36.08,0,155.571,37.1,34.68,28.23,0,46,43,35,0,124,0.57,0.31,0.11,6.81729e-4,0.00365534
522,88.89,0,0,11.11,96,0,0,12,108,97.79,1.55,0.66,0,313.92,4.99,2.11,0,321.015,92.25,4.75,3,0,99.63,5.13,3.24,0,108,1,0,0,0.0188042,0.0207259
523,51.44,0.48,0,48.08,107,1,0,100,208,72.17,15.23,12.3,0,3.03,0.69,0.54,0,4.259,71.93,14.76,13.3,0,149.62,30.71,27.67,0,208,1,0,0,0.00657198,0.014391
524,89.85,0.51,0,9.64,177,1,0,19,197,48.39,36.03,15.58,0,2.21,1.81,0.78,0,4.803,95.36,3.11,1.53,0,187.85,6.13,3.02,0,197,1,0,0,0.0116867,0.0394789
525,32.54,26.63,25.44,15.38,55,45,43,26,169,42.92,30.08,27,0,55.6,39,34.99,0,129.586,38.99,30.74,30.27,0,65.89,51.95,51.16,0,169,0.84,0.08,0.08,0.00158902,0.00189144
526,58.68,14.88,9.92,16.53,71,18,12,20,121,77.29,13.18,9.53,0,133.85,22.82,16.52,0,173.192,64,19.79,16.21,0,77.44,23.94,19.62,0,121,1,0,0,0.00312989,0.00639457
527,97.98,0.51,0.51,1.01,194,1,1,2,198,97.92,1.97,0.11,0,85.05,1.72,0.09,0,86.862,98.49,0.87,0.64,0,195,1.72,1.27,0,198,1,0,0,0.0133308,0.0541772
528,42.18,0.47,0,57.35,89,1,0,121,211,54.95,22.65,22.4,0,12.85,5.32,5.26,0,23.426,69.56,15.48,14.97,0,146.76,32.66,31.58,0,211,1,0,0,0.00559639,0.0123848
529,66.16,5.05,3.03,25.76,131,10,6,51,198,42.15,34.89,22.96,0,14.87,12.4,8.14,0,35.405,78,13.05,8.95,0,154.44,25.84,17.72,0,198,1,0,0,0.00613982,0.0167219
530,39.57,19.25,16.04,25.13,74,36,30,47,187,39.69,33.86,26.45,0,73.68,62.9,49.14,0,185.729,50.03,27.06,22.91,0,93.56,50.6,42.84,0,187,1,0,0,0.00175459,0.00446127
531,46,17.33,12,24.67,69,26,18,37,150,59.18,21.61,19.2,0,196.3,71.69,63.71,0,331.697,52.73,23.91,23.37,0,79.09,35.86,35.05,0,150,1,0,0,0.00232484,0.0044223
532,80.63,4.19,3.66,11.52,154,8,7,22,191,79.53,12.13,8.34,0,159.54,24.35,16.74,0,200.622,85.26,7.57,7.17,0,162.84,14.47,13.69,0,191,1,0,0,0.00794492,0.0217757
533,70.17,0.55,0,29.28,127,1,0,53,181,83.9,9.51,6.59,0,329.65,37.39,25.91,0,392.942,83.89,8.46,7.64,0,151.84,15.32,13.84,0,181,1,0,0,0.0103899,0.0196651
534,81.68,0,0,18.32,156,0,0,35,191,78.86,13.69,7.45,0,36.97,6.47,3.52,0,46.961,95.13,3.55,1.32,0,181.7,6.77,2.52,0,191,1,0,0,0.0124987,0.0380886
535,17.51,14.12,7.34,61.02,31,25,13,108,177,56.16,23.57,20.27,0,54.75,23.01,19.77,0,97.53,36.95,35.3,27.75,0,65.41,62.47,49.12,0,177,0.58,0.34,0.08,7.80075e-4,0.00243552
536,11.17,8.94,5.59,74.3,20,16,10,133,179,50.43,27.04,22.53,0,45.84,24.61,20.52,0,90.975,41.82,32.85,25.33,0,74.85,58.81,45.34,0,179,0.96,0.03,0.01,7.85281e-4,0.00222394
537,9.84,2.19,1.09,86.89,18,4,2,159,183,66.18,17.67,16.15,0,33.04,8.86,8.09,0,49.99,50.47,27.03,22.5,0,92.36,49.47,41.18,0,183,1,0,0,0.00142475,0.00444304
538,1.03,6.7,1.03,91.24,2,13,2,177,194,28.87,50.16,20.97,0,7.13,12.4,5.22,0,24.746,34.91,37.56,27.53,0,67.73,72.86,53.41,0,194,0.26,0.67,0.07,2.41647e-4,5.28175e-4
539,3.85,0.64,0.64,94.87,6,1,1,148,156,30.82,38.51,30.67,0,14.49,18.1,14.39,0,46.968,37.67,38.99,23.34,0,58.77,60.83,36.4,0,156,0.36,0.61,0.03,6.82055e-4,0.00112503
540,4.58,8.5,0.65,86.27,7,13,1,132,153,21.03,44.11,34.87,0,5.74,12,9.45,0,27.192,39.59,32.12,28.29,0,60.57,49.14,43.28,0,153,0.85,0.09,0.05,2.49161e-4,0.00141258
541,25.95,5.06,0.63,68.35,41,8,1,108,158,41.43,31.04,27.53,0,19.53,14.67,13,0,47.202,45.04,33.8,21.16,0,71.16,53.4,33.44,0,158,0.99,0.01,0,0.00132542,0.00246393
542,5.17,1.72,1.72,91.38,9,3,3,159,174,37.13,35.27,27.6,0,7.85,7.56,5.9,0,21.308,37.79,33.64,28.57,0,65.75,58.53,49.72,0,174,0.72,0.2,0.08,4.33338e-4,0.00100555
543,14.72,11.66,6.13,67.48,24,19,10,110,163,36.11,37.08,26.81,0,31.34,32.2,23.28,0,86.823,42.13,29.09,28.78,0,68.67,47.41,46.92,0,163,0.97,0.02,0.01,3.86228e-4,0.00183241
544,5.45,1.21,0.61,92.73,9,2,1,153,165,24.87,47.15,27.98,0,15.27,28.89,17.17,0,61.331,38.93,32.62,28.45,0,64.23,53.82,46.95,0,165,0.82,0.12,0.06,3.62557e-4,0.00108665
545,10.56,4.35,1.24,83.85,17,7,2,135,161,52.51,25.97,21.52,0,42.63,21.11,17.47,0,81.203,35.57,32.63,31.8,0,57.27,52.53,51.2,0,161,0.52,0.26,0.22,7.25358e-4,4.15353e-4
546,97.74,0,0,2.26,173,0,0,4,177,93.74,4.02,2.24,0,203.45,8.73,4.87,0,217.056,98.92,0.62,0.46,0,175.09,1.1,0.81,0,177,1,0,0,0.0181969,0.0544459
547,90.4,3.39,2.26,3.95,160,6,4,7,177,80.94,10.45,8.61,0,67.93,8.79,7.24,0,83.96,91.27,4.41,4.33,0,161.54,7.8,7.66,0,177,1,0,0,0.00763162,0.0283061
548,29.35,15.76,13.59,41.3,54,29,25,76,184,21.89,50.05,28.07,0,3.13,7.15,3.99,0,14.265,45.95,28.17,25.88,0,84.55,51.83,47.61,0,184,1,0,0,0.001493,0.00320189
549,34.1,23.7,12.72,29.48,59,41,22,51,173,49.74,26.1,24.16,0,109.94,57.71,53.42,0,221.063,43.94,35.82,20.24,0,76.02,61.96,35.02,0,173,0.98,0.01,0,0.00126915,0.00253234
