ID,gene_psi1,gene_psi2,gene_psi3,gene_psi4,gene_psi1_N,gene_psi2_N,gene_psi3_N,gene_psi4_N,gene_N,site_psi1,site_psi2,site_psi3,site_psi4,site_psi1_N,site_psi2_N,site_psi3_N,site_psi4_N,site_N,SH_aLRT,UFBoot,length_subs_per_site
277,34.43,25,23.77,16.8,84,61,58,41,244,46.73,28.63,24.64,0,126.41,77.44,66.65,0,270.493,99.8,100,0.00284538
278,56.84,7.26,2.99,32.91,133,17,7,77,234,73.49,14.51,12,0,53.62,10.63,8.81,0,73.06,100,100,0.00839171
279,79.17,4.17,2.08,14.58,190,10,5,35,240,90.06,6.53,3.41,0,73.49,5.35,2.8,0,81.642,100,100,0.019655
280,67.19,2.6,2.6,27.6,129,5,5,53,192,67.04,16.52,16.44,0,22.47,5.57,5.53,0,33.569,100,100,0.0161325
281,13.47,8.81,1.55,76.17,26,17,3,147,193,32.08,36.37,31.55,0,9.08,10.33,8.95,0,28.359,85.7,99,0.00285922
282,6.37,5.39,4.41,83.82,13,11,9,171,204,30.99,38.35,30.66,0,17.86,22.11,17.71,0,57.686,87,99,0.00185164
283,6.22,2.67,2.22,88.89,14,6,5,200,225,29.83,35.72,34.45,0,29.06,34.83,33.58,0,97.48,98.3,96,0.00191841
284,6.22,5.7,2.59,85.49,12,11,5,165,193,37.26,35.27,27.46,0,30.13,28.51,22.19,0,80.838,90.7,94,0.00220949
285,9.41,2.94,1.76,85.88,16,5,3,146,170,30.83,54.22,14.95,0,33.3,59.37,16.18,0,108.847,100,100,0.00422904
286,6.52,4.89,4.35,84.24,12,9,8,155,184,36.5,43.9,19.59,0,27.42,33.03,14.71,0,75.15,99,100,0.00335635
287,8.28,7.64,5.73,78.34,13,12,9,123,157,31.59,36.26,32.15,0,9.55,10.95,9.72,0,30.227,97.9,100,0.00282455
288,10.32,8.39,8.39,72.9,16,13,13,113,155,25.03,37.55,37.41,0,9.95,14.9,14.87,0,39.716,92.3,100,0.00277677
289,16.22,12.61,6.31,64.86,18,14,7,72,111,39.82,30.76,29.42,0,24.85,19.21,18.37,0,62.422,86.2,99,0.00325888
290,25.88,10.59,8.24,55.29,22,9,7,47,85,56.38,21.86,21.77,0,9.11,3.54,3.5,0,16.154,99.9,100,0.00671349
291,53.16,8.86,7.59,30.38,42,7,6,24,79,34.81,41.27,23.92,0,16.92,20.15,11.68,0,48.745,100,100,0.0131344
292,81.61,1.15,0,17.24,71,1,0,15,87,61.33,20.65,18.02,0,41.39,13.97,12.21,0,67.574,100,100,0.0364648
293,48.09,17.56,10.69,23.66,63,23,14,31,131,57.53,24.41,18.06,0,39.15,16.66,12.32,0,68.129,100,100,0.01184
294,62.03,3.74,1.6,32.62,116,7,3,61,187,51.42,28.51,20.06,0,40.82,22.71,15.98,0,79.504,100,100,0.0177952
295,26.53,12.93,11.56,48.98,39,19,17,72,147,28.89,40.9,30.21,0,17.6,24.89,18.43,0,60.922,97.7,100,0.00476994
296,97.52,0.62,0,1.86,157,1,0,3,161,90.41,5.42,4.17,0,256.19,15.38,11.82,0,283.393,100,100,0.0524029
297,41.36,32.27,19.09,7.27,91,71,42,16,220,42.66,43.55,13.79,0,42.59,43.55,13.79,0,99.926,99.4,100,0.00399794
298,77.45,7.66,5.11,9.79,182,18,12,23,235,92.48,5.31,2.21,0,423.36,24.29,10.12,0,457.775,100,100,0.0119183
299,14.49,19.32,10.63,55.56,30,40,22,115,207,37.81,33.17,29.02,0,24.7,21.57,18.98,0,65.244,37.7,99,0.00231222
300,20.6,8.04,7.04,64.32,41,16,14,128,199,46.74,28.3,24.96,0,60.6,36.71,32.4,0,129.716,100,100,0.00480199
301,24.87,19.8,12.69,42.64,49,39,25,84,197,35.29,37.24,27.47,0,58.59,61.86,45.64,0,166.095,43.9,98,0.00430468
302,87.93,2.59,2.16,7.33,204,6,5,17,232,90.3,4.91,4.8,0,921.44,50.09,48.95,0,1020.482,100,100,0.0275797
303,96.83,0.45,0,2.71,214,1,0,6,221,96.86,1.82,1.32,0,521.66,9.83,7.1,0,538.589,100,100,0.0448034
304,50.76,11.36,6.06,31.82,67,15,8,42,132,48.19,29.39,22.43,0,62.16,37.94,28.96,0,129.061,100,100,0.0129153
305,25.35,22.54,14.79,37.32,36,32,21,53,142,31.52,35.1,33.38,0,93.34,103.92,98.82,0,296.083,94,100,0.00476799
306,41.03,8.72,7.69,42.56,80,17,15,83,195,63.19,19.93,16.88,0,119.94,37.83,32.07,0,189.832,100,100,0.00967644
307,31.25,9.38,6.7,52.68,70,21,15,118,224,56.62,22.04,21.34,0,96.64,37.67,36.51,0,170.82,100,100,0.00898283
308,16.03,13.92,8.86,61.18,38,33,21,145,237,40.84,43.31,15.86,0,101.38,115,39.39,0,255.763,99.7,100,0.00367036
309,16.39,10.66,6.15,66.8,40,26,15,163,244,61.36,24.28,14.36,0,176.2,69.75,41.27,0,287.223,98.5,100,0.0056422
310,18.37,15.51,4.49,61.63,45,38,11,151,245,51.89,29.17,18.95,0,111.33,62.6,40.67,0,214.596,75.2,98,0.00242513
311,15.57,8.2,5.33,70.9,38,20,13,173,244,46.15,40.3,13.54,0,59.35,51.82,17.43,0,128.611,95.4,100,0.00148456
312,12.39,8.97,7.69,70.94,29,21,18,166,234,55.13,25.65,19.22,0,62.84,29.25,21.92,0,114.008,98,100,0.00182845
313,11.22,21.95,6.83,60,23,45,14,123,205,37.36,34.44,28.2,0,23.28,21.48,17.59,0,62.348,84.4,100,0.00157144
314,46.38,5.07,4.35,44.2,64,7,6,61,138,85.05,12.94,2.01,0,70.64,10.78,1.68,0,83.094,100,100,0.00713266
315,42.36,24.31,13.19,20.14,61,35,19,29,144,49.42,38.14,12.44,0,30.51,23.55,7.69,0,61.739,78.9,100,0.00168552
316,80.31,1.97,1.97,15.75,204,5,5,40,254,89.98,6.36,3.66,0,478.46,33.81,19.48,0,531.743,100,100,0.0198545
317,94.22,0.89,0.89,4,212,2,2,9,225,95.96,2.1,1.95,0,530.38,11.59,10.76,0,552.718,100,100,0.0317203
318,87.97,0.75,0.75,10.53,117,1,1,14,133,64.71,21.08,14.22,0,119.1,38.85,26.2,0,184.15,100,100,0.0438996
319,55.11,26.14,14.2,4.55,97,46,25,8,176,49.75,28.9,21.35,0,272.06,158.06,116.73,0,546.85,100,100,0.00929156
320,60,2.35,1.18,36.47,51,2,1,31,85,50.82,27.99,21.19,0,57.23,31.59,23.92,0,112.739,100,100,0.0224363
321,11.57,8.26,6.61,73.55,14,10,8,89,121,36.37,38.69,24.94,0,19.13,20.32,13.12,0,52.57,95,99,0.00108551
322,23.02,4.32,2.16,70.5,32,6,3,98,139,45.86,32.49,21.65,0,21.62,15.35,10.27,0,47.241,99.6,100,0.00443066
323,72.6,0,0,27.4,106,0,0,40,146,76.11,12.89,11,0,48.75,8.31,7.1,0,64.161,100,100,0.0324184
324,17.08,15.83,12.5,54.58,41,38,30,131,240,12.6,53.91,33.49,0,3.09,12.97,8.14,0,24.192,93,95,0.00139254
325,32.11,9.3,8.45,50.14,114,33,30,178,355,66.26,17.98,15.75,0,104.24,28.34,24.81,0,157.388,100,100,0.00564663
326,39.41,6.43,4.83,49.33,147,24,18,184,373,69.01,18.02,12.97,0,107.12,28.08,20.26,0,155.456,100,100,0.00729116
327,72.14,1.76,1.76,24.34,246,6,6,83,341,85.6,7.67,6.73,0,233.01,20.9,18.35,0,272.255,100,100,0.0220104
328,50,19.35,8.06,22.58,31,12,5,14,62,43.82,35.59,20.59,0,13.12,10.63,6.21,0,29.951,99.6,100,0.0122664
329,50.39,14.96,14.17,20.47,128,38,36,52,254,71.62,15.69,12.69,0,102.83,22.53,18.22,0,143.576,99.9,100,0.00888204
330,72.38,5.02,5.02,17.57,173,12,12,42,239,84.18,9.97,5.85,0,166.68,19.75,11.59,0,198.018,100,100,0.0168401
331,22.33,23.3,12.14,42.23,46,48,25,87,206,40.51,36.81,22.68,0,23.77,21.56,13.3,0,58.634,79.6,100,0.00556451
332,18.89,23.89,15,42.22,34,43,27,76,180,45.94,35.7,18.36,0,38.23,29.72,15.29,0,83.229,81.6,100,0.00152082
333,26.7,15.8,13.9,43.6,98,58,51,160,367,45.92,32.26,21.82,0,54.05,38.02,25.73,0,117.797,100,100,0.0032153
334,70.5,2.95,2.06,24.48,239,10,7,83,339,81.87,9.27,8.87,0,208.03,23.58,22.55,0,254.164,100,100,0.0151017
335,56.52,17.39,4.35,21.74,39,12,3,15,69,78.42,15.59,5.99,0,28.29,5.64,2.19,0,36.118,100,100,0.012959
336,73.02,13.76,3.7,9.52,138,26,7,18,189,93.15,3.55,3.31,0,180.98,6.9,6.43,0,194.316,100,100,0.0145776
337,77.26,2.62,1.46,18.66,265,9,5,64,343,90.26,7.51,2.22,0,249.4,20.78,6.16,0,276.332,100,100,0.0214313
338,69.92,6.36,5.93,17.8,165,15,14,42,236,43.03,53.97,3.01,0,107.47,134.81,7.51,0,249.794,99.9,100,0.0127999
339,37.95,27.23,24.11,10.71,85,61,54,24,224,45.19,39.09,15.72,0,51.09,44.2,17.78,0,113.066,77.9,100,0.00258021
340,78.06,6.77,4.84,10.32,242,21,15,32,310,85.25,8.14,6.61,0,135.38,12.93,10.5,0,158.809,100,100,0.0117857
341,56.93,3.83,3.54,35.69,193,13,12,121,339,77.1,12.19,10.71,0,124.78,19.76,17.36,0,161.893,100,100,0.0117731
342,93.31,0.64,0,6.05,293,2,0,19,314,97.59,1.38,1.03,0,420.34,5.96,4.43,0,430.723,100,100,0.0324983
343,91.25,1.01,0.67,7.07,271,3,2,21,297,96.19,2.08,1.73,0,349.59,7.58,6.3,0,363.469,100,100,0.0325906
344,39.47,30.83,27.44,2.26,105,82,73,6,266,39.69,39.62,20.69,0,76.45,76.33,39.85,0,192.632,49,98,0.00219223
345,91.62,0,0,8.38,328,0,0,30,358,97.05,1.6,1.35,0,448.05,7.4,6.27,0,461.717,100,100,0.0366737
346,48.48,12.8,11.28,27.44,159,42,37,90,328,70.11,16.52,13.37,0,83.08,19.58,15.85,0,118.508,100,100,0.00309943
347,29.23,40.38,13.85,16.54,76,105,36,43,260,39.61,35.67,24.72,0,24.54,22.1,15.31,0,61.96,99.6,100,0.00196421
348,37.98,3.49,2.33,56.2,98,9,6,145,258,66.97,18.97,14.06,0,61.07,17.34,12.87,0,91.284,100,100,0.00679584
349,29.46,12.46,10.76,47.31,104,44,38,167,353,59.24,22.4,18.36,0,59.54,22.54,18.47,0,100.548,99.9,100,0.0029429
350,82.96,3.7,2.96,10.37,112,5,4,14,135,96.14,3.46,0.4,0,89.01,3.21,0.37,0,92.594,100,100,0.0358988
351,93.85,0,0,6.15,305,0,0,20,325,98.34,1.15,0.51,0,343.53,4.02,1.78,0,349.327,100,100,0.0264766
352,31.59,51.3,14.78,2.32,109,177,51,8,345,47.16,27.1,25.74,0,71.17,40.88,38.83,0,150.873,66.9,100,0.00123615
353,24.93,11.9,11.9,51.27,88,42,42,181,353,53.38,25.96,20.66,0,51.84,25.24,20.08,0,97.161,98.9,100,0.00231821
354,94.38,0.94,0.63,4.06,302,3,2,13,320,97.82,1.62,0.56,0,563.78,9.34,3.24,0,576.352,100,100,0.0248296
355,85.78,2.37,0.95,10.9,181,5,2,23,211,93.95,4.59,1.46,0,124.32,6.1,1.93,0,132.348,100,100,0.0223917
356,20,16,12,52,15,12,9,39,75,56.22,24.82,18.96,0,8.93,3.89,3.03,0,15.847,96.3,99,0.00481138
357,67.21,6.56,4.1,22.13,82,8,5,27,122,52.9,25.07,22.03,0,33.6,15.95,14.02,0,63.569,100,100,0.0115618
358,97.95,1.03,0.51,0.51,191,2,1,1,195,94.38,3.55,2.07,0,292.85,11.02,6.44,0,310.305,100,100,0.0412114
359,30.27,41.38,27.97,0.38,79,108,73,1,261,39.11,32.35,28.54,0,79.74,65.94,58.18,0,203.858,33.2,99,0.00204417
360,84.86,2.16,1.62,11.35,157,4,3,21,185,89.18,6.7,4.12,0,224.51,16.89,10.38,0,251.779,100,100,0.0378102
361,51.14,17.8,13.26,17.8,135,47,35,47,264,59.19,23.34,17.47,0,111.4,43.92,32.89,0,188.205,100,100,0.0095492
362,93.58,0.99,0.74,4.69,379,4,3,19,405,95.91,2.71,1.37,0,1133.41,32.06,16.24,0,1181.706,100,100,0.0394991
363,25.75,42.92,30.16,1.16,111,185,130,5,431,32.4,37.7,29.91,0,129.88,151.12,119.89,0,400.894,88,99,0.00233846
364,77.69,1.61,0.81,19.89,289,6,3,74,372,93.51,3.7,2.79,0,730.64,28.92,21.83,0,781.39,100,100,0.0290207
365,5.67,9.02,7.99,77.32,22,35,31,300,388,44.82,31.42,23.76,0,147.07,103.53,78.05,0,328.642,76.1,91,0.00238298
366,7.48,6.62,2.56,83.33,35,31,12,390,468,45.82,30.65,23.53,0,407.99,268.3,200.69,0,876.973,94.9,97,0.00306648
367,13.33,3.96,3.33,79.38,64,19,16,381,480,37.01,33.71,29.28,0,310.4,291.44,248.36,0,850.195,100,100,0.00397531
368,13.23,19.06,14.57,53.14,59,85,65,237,446,49.28,30.87,19.85,0,271.81,170.26,109.47,0,551.537,94.3,100,0.00340272
369,7.96,4.87,4.65,82.52,36,22,21,373,452,55.93,27.14,16.92,0,544.81,261.59,160.63,0,967.025,96.5,99,0.0024588
370,6.44,10.23,5.68,77.65,17,27,15,205,264,26.62,54.97,18.41,0,80.78,182.35,55.88,0,319.007,70.1,94,0.00318224
371,8.49,3.77,3.77,83.96,9,4,4,89,106,56.71,25.97,17.32,0,38.62,17.71,11.82,0,68.152,91.7,94,0.00401575
372,10.9,6.41,3.53,79.17,34,20,11,247,312,38.73,38.96,22.31,0,102.98,103.61,59.32,0,265.903,92.3,92,0.00316801
373,77.51,7.69,4.14,10.65,131,13,7,18,169,78.79,12.62,8.59,0,251.92,40.35,27.47,0,319.739,100,100,0.0246489
374,98.06,0,0,1.94,152,0,0,3,155,95.02,2.5,2.48,0,535.3,14.09,13.97,0,563.355,100,100,0.0821423
375,11.32,11.32,3.14,74.21,18,18,5,118,159,34.38,40.17,25.45,0,13.05,15.23,9.7,0,37.973,85.7,96,0.00176653
376,14.81,11.73,10.49,62.96,24,19,17,102,162,35.16,37.1,27.74,0,12.96,13.63,10.25,0,36.843,93.6,96,0.00161966
377,55.61,5.88,3.21,35.29,104,11,6,66,187,65.05,21.26,13.7,0,58.27,19.12,12.3,0,89.685,100,100,0.00953222
378,86.43,0.39,0.39,12.79,223,1,1,33,258,87.74,7.53,4.73,0,283.66,24.36,15.35,0,323.373,100,100,0.0247067
379,32.74,22.32,22.32,22.62,110,75,75,76,336,50.69,25.92,23.39,0,93.93,48.04,43.38,0,185.346,100,100,0.00319076
380,66.31,2.96,2.7,28.03,246,11,10,104,371,77.13,13.71,9.16,0,297.56,54.98,37.46,0,389.997,100,100,0.0124448
381,52.45,4.62,4.35,38.59,193,17,16,142,368,82.29,9.83,7.89,0,309.65,36.53,29.52,0,375.698,100,100,0.00719792
382,25,33.84,24.39,16.77,82,111,80,55,328,26.08,37.52,36.4,0,66.01,94.96,92.16,0,253.129,84,99,0.00178331
383,29.66,19.57,17.74,33.03,97,64,58,108,327,73.34,14.02,12.64,0,208.6,36.1,32.55,0,277.253,96,100,0.00168141
384,71.43,4.13,2.22,22.22,225,13,7,70,315,82.56,10.2,7.24,0,310.22,40.55,29.37,0,380.142,100,100,0.0137911
385,39.33,28,22,10.67,118,84,66,32,300,49.56,26.7,23.73,0,113.78,61.31,54.49,0,229.577,99.4,100,0.00215952
386,62.32,7.97,2.17,27.54,86,11,3,38,138,88.41,7.74,3.85,0,84.47,7.42,3.7,0,95.59,100,100,0.0116186
387,34.35,27.48,22.9,15.27,45,36,30,20,131,55.32,36.22,8.46,0,42.31,27.7,6.47,0,76.474,88.4,100,0.00256134
388,97.34,0,0,2.66,256,0,0,7,263,98.68,0.82,0.5,0,677.62,5.65,3.41,0,686.685,100,100,0.054377
389,28.75,47.09,23.24,0.92,94,154,76,3,327,35.62,32.64,31.74,0,57.61,52.8,51.34,0,161.756,80.2,100,0.00111626
390,39.6,8.91,4.95,46.53,40,9,5,47,101,52.77,24.67,22.55,0,27.64,12.95,11.85,0,52.436,99.8,100,0.00573366
391,72.94,4.71,2.35,20,62,4,2,17,85,92.37,5.34,2.29,0,64.29,3.72,1.6,0,69.605,100,100,0.0163306
392,58.33,18.52,11.11,12.04,63,20,12,13,108,71.71,16.83,11.46,0,54.1,12.71,8.65,0,75.457,100,100,0.00916223
393,60.48,13.71,12.1,13.71,75,17,15,17,124,73.63,14.6,11.78,0,54.6,10.83,8.73,0,74.158,99.9,100,0.00779747
394,98.58,0,0,1.42,209,0,0,3,212,97.05,2.03,0.92,0,396.99,8.31,3.78,0,409.073,100,100,0.0805738
395,51.35,30.07,18.58,0,152,89,55,0,296,30.7,37.49,31.81,0,56.52,69.03,58.57,0,184.117,74.6,93,0.00172234
396,11.43,8.57,4.76,75.24,12,9,5,79,105,30.92,38.47,30.61,0,21.74,27.03,21.54,0,70.307,27.2,88,8.33311e-4
397,25.85,8.16,7.48,58.5,38,12,11,86,147,53.16,25.96,20.88,0,31.66,15.55,12.46,0,59.668,99.9,100,0.00398816
398,75.89,7.14,2.68,14.29,85,8,3,16,112,84.79,7.72,7.49,0,82.63,7.54,7.32,0,97.488,100,100,0.0226357
399,79.51,1.46,1.46,17.56,163,3,3,36,205,75.52,13.11,11.37,0,139.99,24.36,21.12,0,185.458,100,100,0.0195954
400,94.61,1.2,1.2,2.99,158,2,2,5,167,93.87,3.83,2.3,0,262.9,10.73,6.44,0,280.069,100,100,0.0391866
401,32.3,35.02,23.74,8.95,83,90,61,23,257,34.08,37.69,28.24,0,43.21,47.76,35.79,0,126.756,85.1,99,0.00398026
402,96.69,0.83,0.41,2.07,234,2,1,5,242,94.15,3.19,2.67,0,375.69,12.72,10.65,0,399.059,100,100,0.0400685
403,88.38,7.39,3.87,0.35,251,21,11,1,284,95.01,2.6,2.39,0,523.96,14.33,13.19,0,551.475,100,100,0.0147254
404,94.06,0.46,0,5.48,206,1,0,12,219,95.33,2.5,2.16,0,350.95,9.22,7.97,0,368.151,100,100,0.0384786
405,55.91,21.82,19.55,2.73,123,48,43,6,220,70.55,16.31,13.14,0,173.82,40.2,32.39,0,246.407,100,100,0.00774768
406,29,5,3,63,29,5,3,63,100,59.15,23.14,17.71,0,32.76,12.89,9.86,0,55.507,100,100,0.0148924
407,21.65,8.25,5.15,64.95,21,8,5,63,97,35.59,35.73,28.68,0,20.23,20.36,16.38,0,56.963,99.2,99,0.00641133
408,10.69,9.92,4.58,74.81,14,13,6,98,131,32.49,34.67,32.84,0,29.32,31.29,29.64,0,90.254,51.1,94,0.00292204
409,35.9,2.56,1.71,59.83,42,3,2,70,117,53.08,24.68,22.24,0,47.29,22.03,19.85,0,89.161,100,100,0.0199483
410,88.97,0,0,11.03,129,0,0,16,145,93.29,4.49,2.22,0,189.71,9.14,4.53,0,203.379,100,100,0.150303
411,95.27,1.18,0,3.55,161,2,0,6,169,78.73,18.93,2.34,0,682.34,164.09,20.29,0,866.726,100,100,0.0540793
412,15.03,18.13,16.06,50.78,29,35,31,98,193,27.48,39.74,32.78,0,39.66,57.43,47.45,0,144.535,73.9,85,0.00758892
413,44.79,1.56,1.56,52.08,86,3,3,100,192,41.67,34.32,24.01,0,60.93,50.17,35.07,0,146.164,100,91,0.012346
414,29.79,2.66,2.13,65.43,56,5,4,123,188,27.81,43.45,28.74,0,50.85,79.39,52.56,0,182.794,100,99,0.00852772
415,23.17,6.71,4.27,65.85,38,11,7,108,164,47.74,30.98,21.28,0,7.41,4.83,3.33,0,15.57,99.8,69,0.00574506
416,97.39,0,0,2.61,149,0,0,4,153,96.21,3.79,0,0,229.33,9.04,0,0,238.369,100,100,0.0633432
417,46.03,6.35,3.97,43.65,58,8,5,55,126,80.19,18.23,1.59,0,3.73,0.96,0.09,0,4.779,90.7,91,0.0121094
418,69.05,9.52,3.57,17.86,58,8,3,15,84,68.41,22.38,9.22,0,18.2,6,2.47,0,26.665,99.6,100,0.0212662
419,82.89,6.58,5.26,5.26,63,5,4,4,76,90.85,4.63,4.52,0,107.17,5.47,5.34,0,117.978,99.8,100,0.0122001
420,12.37,11.34,10.82,65.46,24,22,21,127,194,24.77,46.81,28.42,0,9.33,17.58,10.71,0,37.624,76.6,73,0.00494367
421,37.5,0.52,0,61.98,72,1,0,119,192,70.66,19.23,10.11,0,42.09,11.47,6.03,0,59.582,99.1,100,0.0208606
422,23.78,5.41,4.86,65.95,44,10,9,122,185,25.3,59.93,14.76,0,43.54,103.26,25.41,0,172.217,99.8,100,0.00440723
423,24.86,18.08,16.38,40.68,44,32,29,72,177,32.28,36.6,31.12,0,17.06,19.34,16.47,0,52.867,91.2,100,0.00818191
424,80.46,3.45,2.3,13.79,140,6,4,24,174,90.63,5.16,4.22,0,434.28,24.71,20.21,0,479.2,100,100,0.015892
425,12.42,1.31,0,86.27,19,2,0,132,153,47.57,37.18,15.25,0,48.07,37.64,15.42,0,101.126,100,78,0.00633772
426,0.68,40.54,0,58.78,1,60,0,87,148,19.94,41.85,38.21,0,46.12,96.77,88.41,0,231.292,84,67,0.0111375
427,7.98,7.98,1.84,82.21,13,13,3,134,163,52.61,28.72,18.66,0,73.97,40.45,26.25,0,140.678,87.7,74,0.00240595
428,11.03,15.86,4.83,68.28,16,23,7,99,145,75.25,15.02,9.73,0,413.55,82.54,53.49,0,549.576,91.8,99,0.0182586
429,94.05,0,0,5.95,174,0,0,11,185,74.87,14.8,10.33,0,52.52,10.44,7.29,0,70.251,100,100,0.0520347
430,45.36,25.68,24.59,4.37,83,47,45,8,183,27.84,49.63,22.53,0,9.63,17.3,7.83,0,34.765,98.4,100,0.00304119
431,80.79,10.17,2.82,6.21,143,18,5,11,177,96.27,2.51,1.22,0,347.01,9.07,4.4,0,360.474,100,100,0.0133661
432,75.18,2.19,1.46,21.17,103,3,2,29,137,41.15,41.46,17.39,0,209.05,210.85,88.4,0,508.311,100,91,0.0220353
433,21.51,9.88,5.81,62.79,37,17,10,108,172,43.77,38.41,17.82,0,230.63,202.44,93.91,0,526.976,80,99,0.00708867
434,58.14,6.98,2.33,32.56,50,6,2,28,86,49.24,26.72,24.04,0,51.88,28.18,25.37,0,105.427,100,100,0.0148454
435,28.21,21.37,18.8,31.62,33,25,22,37,117,35.49,37.25,27.26,0,49.85,52.3,38.28,0,140.426,58.8,99,0.00325942
436,54.72,12.26,12.26,20.75,58,13,13,22,106,52.4,23.84,23.76,0,107.1,48.74,48.56,0,204.402,100,100,0.00917386
437,84.38,6.25,3.13,6.25,54,4,2,4,64,80.15,12.15,7.69,0,92.98,14.11,8.93,0,116.017,100,100,0.0333827
438,13.19,6.94,2.08,77.78,19,10,3,112,144,34.8,36.18,29.02,0,36.86,38.31,30.76,0,105.923,96.3,100,0.00334492
439,10.53,7.37,5.79,76.32,20,14,11,145,190,33.67,36.21,30.12,0,45.23,48.65,40.45,0,134.335,90.2,91,0.00143304
440,6.37,9.16,7.57,76.89,16,23,19,193,251,34.57,35.28,30.15,0,62.79,64.08,54.73,0,181.599,66.6,89,9.72907e-4
441,14.2,5.68,5.11,75,25,10,9,132,176,35.16,39.11,25.72,0,51.82,57.67,37.93,0,147.408,99,100,0.00312451
442,50,4.65,1.16,44.19,86,8,2,76,172,63.3,20.61,16.09,0,156.96,51.12,39.94,0,248.021,100,100,0.01481
443,31.74,19.76,13.17,35.33,53,33,22,59,167,44.39,29.14,26.48,0,129.81,85.25,77.49,0,292.545,69.7,100,0.00449585
444,40.44,14.71,10.29,34.56,55,20,14,47,136,49.17,32.58,18.25,0,99.29,65.78,36.85,0,201.925,99.6,100,0.00579803
445,41.41,4.04,2.53,52.02,82,8,5,103,198,47.47,27.16,25.37,0,96.96,55.5,51.88,0,204.33,100,100,0.0110431
446,72.51,2.34,1.17,23.98,124,4,2,41,171,62.04,19.77,18.19,0,157.29,50.14,46.15,0,253.57,100,100,0.0212407
447,28.5,30.92,25.6,14.98,59,64,53,31,207,32.52,37.97,29.51,0,120.87,141.11,109.66,0,371.631,28.5,100,0.0033007
448,76.19,5.56,3.17,15.08,96,7,4,19,126,70.33,15.97,13.7,0,342.67,77.82,66.79,0,487.277,100,100,0.0194859
449,25.28,3.93,2.25,68.54,45,7,4,122,178,60.73,20.57,18.7,0,57.4,19.48,17.7,0,94.581,100,100,0.00712814
450,53.61,14.43,5.15,26.8,52,14,5,26,97,39.86,34.71,25.43,0,20.5,17.83,13.1,0,51.431,100,100,0.012584
451,66,7,5,22,66,7,5,22,100,66.26,20.23,13.51,0,201.38,61.48,41.1,0,303.954,100,100,0.0263976
452,53.42,13.66,6.21,26.71,86,22,10,43,161,49.34,26.5,24.17,0,93.33,50.17,45.73,0,189.233,100,100,0.0123924
453,66.88,6.37,4.46,22.29,105,10,7,35,157,50.74,28.11,21.15,0,94.18,52.23,39.29,0,185.688,100,100,0.0273566
454,66.89,10.14,6.76,16.22,99,15,10,24,148,49.91,26.49,23.6,0,123.17,65.4,58.27,0,246.847,100,100,0.0187277
455,56.12,11.22,11.22,21.43,55,11,11,21,98,51.99,25.58,22.43,0,76.49,37.67,33,0,147.152,100,100,0.0149902
456,25,29.69,17.19,28.13,16,19,11,18,64,36.91,36.41,26.68,0,20.68,20.39,14.93,0,55.995,46.7,92,0.00558339
457,79.8,4.04,2.02,14.14,79,4,2,14,99,63.92,18.8,17.28,0,97.01,28.56,26.25,0,151.815,100,100,0.028764
458,35.88,29.01,27.48,7.63,47,38,36,10,131,46.69,30.47,22.84,0,124.68,81.37,61,0,267.049,98.4,100,0.00471047
459,51,8.5,4,36.5,102,17,8,73,200,35.51,33.84,30.65,0,31.11,29.64,26.89,0,87.641,100,100,0.0149304
460,21.74,18.36,9.66,50.24,45,38,20,104,207,34.93,35.14,29.93,0,46.72,47,40.02,0,133.748,98.2,100,0.00375741
461,22.73,11.62,7.58,58.08,45,23,15,115,198,34.57,40.63,24.8,0,101.01,124.15,72.46,0,297.619,99.6,100,0.0040835
462,21.51,15.05,8.6,54.84,40,28,16,102,186,39.96,30.61,29.42,0,82.45,63.18,60.72,0,206.344,99,100,0.00298537
463,12.67,17.33,14.67,55.33,19,26,22,83,150,44,31.32,24.68,0,55.17,39.28,30.99,0,125.429,42,100,0.00196105
464,55.56,7.41,5.19,31.85,75,10,7,43,135,67.58,17.83,14.59,0,128.22,33.85,27.7,0,189.769,100,100,0.0133034
465,96.36,3.64,0,0,53,2,0,0,55,97.14,1.81,1.05,0,378.17,7.03,4.1,0,389.308,100,100,0.0488699
466,92.41,1.9,0.63,5.06,146,3,1,8,158,87.41,6.44,6.15,0,271.12,19.99,19.07,0,310.184,100,100,0.0407493
467,99.39,0,0,0.61,163,0,0,1,164,88.04,6.71,5.25,0,753.43,57.42,44.92,0,855.763,100,100,0.0683502
468,63.79,1.15,0.57,34.48,111,2,1,60,174,68.38,15.98,15.65,0,108.29,25.33,24.8,0,158.419,100,100,0.0217485
469,88.6,0.52,0.52,10.36,171,1,1,20,193,71.06,15.79,13.15,0,64.46,14.37,11.96,0,90.791,100,100,0.0381529
470,8.86,7.01,4.8,79.34,24,19,13,215,271,34.49,32.8,32.71,0,22.3,21.17,21.16,0,64.626,17.1,46,0.001435
471,5.9,5.56,3.47,85.07,17,16,10,245,288,34.15,33.42,32.43,0,28.43,27.83,27,0,83.247,81.1,48,0.00124364
472,8.55,5.13,5.13,81.2,20,12,12,190,234,29.55,41.55,28.91,0,26.82,37.78,26.32,0,90.922,96.7,98,0.0016598
473,26.05,15.35,6.51,52.09,56,33,14,112,215,51.46,31.65,16.89,0,173.32,106.62,56.88,0,336.811,100,100,0.00474779
474,21.28,3.4,2.98,72.34,50,8,7,170,235,38.11,33.6,28.29,0,62.51,55.12,46.43,0,164.062,99.8,100,0.00358094
475,21.69,2.41,1.2,74.7,54,6,3,186,249,50.2,28.24,21.56,0,55.67,31.32,23.97,0,110.959,100,100,0.00495352
476,25.59,21.8,15.17,37.44,54,46,32,79,211,36.75,32.23,31.02,0,111.97,98.19,94.51,0,304.672,77,99,0.00279369
477,60.87,6.96,4.35,27.83,140,16,10,64,230,68.23,16.07,15.71,0,204.55,48.18,47.1,0,299.828,100,100,0.0120671
478,45.51,3.85,1.28,49.36,71,6,2,77,156,54.57,26.5,18.93,0,30.81,15,10.72,0,56.539,100,100,0.0120926
479,85.12,3.26,1.4,10.23,183,7,3,22,215,77.23,13.64,9.13,0,98.69,17.47,11.7,0,127.853,100,100,0.032321
480,98.85,0.76,0,0.38,259,2,0,1,262,98.96,0.69,0.35,0,1401,9.76,4.97,0,1415.725,100,100,0.0428875
481,32.2,20.9,14.69,32.2,57,37,26,57,177,29.81,39.38,30.81,0,22.33,29.58,23.12,0,75.025,99.8,100,0.00496302
482,80.65,5.81,3.87,9.68,125,9,6,15,155,75.94,12.11,11.95,0,437.72,69.79,68.91,0,576.411,100,100,0.0202303
483,90.76,0.84,0.84,7.56,108,1,1,9,119,85.19,7.45,7.35,0,411.3,36,35.51,0,482.809,100,100,0.0425583
484,96.12,0.97,0,2.91,99,1,0,3,103,86.98,6.62,6.39,0,97.63,7.45,7.19,0,112.28,100,100,0.0671882
485,49.2,24.6,24.6,1.6,92,46,46,3,187,39.81,32.11,28.09,0,31.59,25.48,22.3,0,79.371,99.7,100,0.00596193
486,91.11,3.11,1.33,4.44,205,7,3,10,225,96.47,2.05,1.48,0,625.79,13.3,9.59,0,648.678,100,100,0.0176394
487,95.4,0,0,4.6,83,0,0,4,87,99.41,0.42,0.17,0,348.68,1.46,0.61,0,350.751,100,100,0.065267
488,72.73,0.61,0,26.67,120,1,0,44,165,60.31,23.28,16.41,0,50.41,19.52,13.75,0,83.683,100,100,0.0222385
489,54.79,2.66,2.13,40.43,103,5,4,76,188,57.87,26.67,15.46,0,26.35,12.24,7.1,0,45.693,100,100,0.0135597
490,13.33,4.67,4,78,20,7,6,117,150,36.25,40.12,23.63,0,23.42,25.92,15.26,0,64.602,99.4,100,0.00276715
491,6.45,5.91,1.08,86.56,12,11,2,161,186,34.92,34.25,30.83,0,55.77,54.73,49.27,0,159.768,97.2,100,0.00192747
492,2.62,3,1.87,92.51,7,8,5,247,267,33.26,36.52,30.22,0,47.77,52.4,43.37,0,143.542,62.8,96,0.00129084
493,4.82,2.81,2.41,89.96,12,7,6,224,249,32.37,34.99,32.64,0,68.06,73.56,68.66,0,210.272,81.3,96,0.00137164
494,7.01,7.94,3.27,81.78,15,17,7,175,214,44.93,33.78,21.29,0,110.92,83.4,52.57,0,246.885,82.6,100,0.00165329
495,15.27,12.32,7.39,65.02,31,25,15,132,203,40.68,40.25,19.07,0,62.9,62.28,29.49,0,154.67,98.8,100,0.00383687
496,75.83,3.32,1.42,19.43,160,7,3,41,211,87.49,7.16,5.36,0,659.94,53.99,40.42,0,754.357,100,100,0.0198913
497,7.66,3.07,1.92,87.36,20,8,5,228,261,39.43,36.21,24.35,0,52.13,47.82,32.21,0,132.158,98.4,100,0.00208723
498,49.54,2.78,2.78,44.91,107,6,6,97,216,53.93,24.46,21.62,0,159.62,72.44,64.01,0,296.067,100,100,0.0142062
499,15.9,10.26,5.13,68.72,31,20,10,134,195,33.2,40.17,26.63,0,69.26,83.87,55.62,0,208.755,96.6,100,0.00384513
500,16.26,1.22,0.81,81.71,40,3,2,201,246,56.23,23.94,19.82,0,72.17,30.76,25.48,0,128.412,100,100,0.00572518
501,6.57,9.86,4.69,78.87,14,21,10,168,213,35.01,36.72,28.27,0,53.27,55.79,42.9,0,151.96,32,99,0.00180148
502,13.74,9,3.32,73.93,29,19,7,156,211,50.05,29.1,20.85,0,124.16,72.21,51.75,0,248.117,100,100,0.00464585
503,21.96,10.75,6.54,60.75,47,23,14,130,214,41.51,32.43,26.06,0,94.66,73.97,59.45,0,228.086,99.9,100,0.00413239
504,23.22,21.33,12.8,42.65,49,45,27,90,211,43.89,33.69,22.42,0,53.18,40.85,27.19,0,121.217,97.3,100,0.00345961
505,87.67,1.37,0.46,10.5,192,3,1,23,219,95.69,2.96,1.35,0,716.61,22.16,10.1,0,748.861,100,100,0.0210402
506,35.27,3.13,2.68,58.93,79,7,6,132,224,50.9,26.95,22.15,0,162.81,86.24,70.87,0,319.92,100,100,0.00753589
507,64.73,0.97,0.97,33.33,134,2,2,69,207,70.54,19.1,10.35,0,71,19.31,10.45,0,100.765,100,100,0.0175764
508,43.04,20,17.83,19.13,99,46,41,44,230,35.31,35.7,28.99,0,45.16,45.67,37.09,0,127.918,100,100,0.00519448
509,63.64,12.55,10.82,12.99,147,29,25,30,231,80.61,10.07,9.32,0,357,44.6,41.31,0,442.898,100,100,0.00922435
510,55.26,8.95,7.37,28.42,105,17,14,54,190,54.91,24.2,20.89,0,68.56,30.27,26.12,0,124.943,100,100,0.00980607
511,46.63,22.8,17.62,12.95,90,44,34,25,193,52.22,25.18,22.6,0,220.9,106.51,95.64,0,423.043,100,100,0.00616332
512,95.45,0.51,0,4.04,189,1,0,8,198,94.45,3.3,2.25,0,332.78,11.63,7.94,0,352.35,100,100,0.0457813
513,55.96,21.76,20.73,1.55,108,42,40,3,193,55.72,25.46,18.82,0,122.1,55.81,41.23,0,219.144,99.9,100,0.00411349
514,75.35,1.41,0.7,22.54,107,2,1,32,142,74.88,15.5,9.62,0,101.86,21.12,13.11,0,136.082,100,100,0.0275744
515,44.67,27.33,21.33,6.67,67,41,32,10,150,50.92,25.28,23.81,0,144.35,71.66,67.5,0,283.513,99.8,100,0.00741196
516,8.99,5.29,4.23,81.48,17,10,8,154,189,46.07,29.12,24.81,0,30.78,19.46,16.58,0,66.819,43.2,98,0.00263335
517,94.07,0,0,5.93,111,0,0,7,118,75.24,12.92,11.84,0,139.82,24.03,22.02,0,185.87,100,100,0.0428293
518,31.9,7.36,5.52,55.21,52,12,9,90,163,62.04,25.13,12.84,0,42.79,17.38,8.87,0,69.041,100,100,0.00978323
519,95.73,0.61,0.61,3.05,157,1,1,5,164,94.85,2.96,2.18,0,427.61,13.37,9.85,0,450.839,100,100,0.0500812
520,36.3,34.25,28.77,0.68,53,50,42,1,146,47.01,30.25,22.73,0,67.82,43.64,32.8,0,144.26,96.6,100,0.0025686
521,90.09,0,0,9.91,100,0,0,11,111,97.29,1.58,1.13,0,323.71,5.27,3.76,0,332.734,100,100,0.0456552
522,12.95,4.91,2.68,79.46,29,11,6,178,224,38.52,35.2,26.28,0,14.67,13.42,10,0,38.087,75.1,91,0.00248286
523,78.68,0,0,21.32,155,0,0,42,197,84.31,8.43,7.26,0,62.21,6.26,5.38,0,73.844,100,100,0.028554
524,16.43,17.39,4.83,61.35,34,36,10,127,207,43.91,29.06,27.04,0,43.33,28.68,26.71,0,98.719,95.6,100,0.00147393
525,10.39,8.66,4.33,76.62,24,20,10,177,231,46.72,30.4,22.88,0,53.08,34.55,26.07,0,113.693,96.9,100,0.00152464
526,10.04,2.81,0.8,86.35,25,7,2,215,249,61.26,20.31,18.43,0,55.13,18.35,16.69,0,90.167,100,100,0.00366827
527,5.32,1.9,1.14,91.63,14,5,3,241,263,51.56,26.13,22.31,0,44.42,22.5,19.5,0,86.422,99.3,100,0.00177619
528,7.11,4.57,2.03,86.29,14,9,4,170,197,32.59,35.72,31.69,0,20.82,22.82,20.51,0,64.142,89.5,97,0.00120364
529,25.29,6.47,4.71,63.53,43,11,8,108,170,55.85,24.18,19.97,0,76.09,32.95,27.22,0,136.259,100,100,0.00264139
530,8.3,2.07,1.24,88.38,20,5,3,213,241,41.18,34.65,24.17,0,36.13,30.09,21.06,0,87.27,86.5,96,0.00105119
531,15.24,10,7.14,67.62,32,21,15,142,210,35.71,34.21,30.08,0,43.19,41.38,36.39,0,120.958,37.3,95,0.00100654
532,4.88,2.85,2.03,90.24,12,7,5,222,246,34.2,33.22,32.58,0,32.92,32.02,31.39,0,96.328,68.5,87,0.00120554
533,4.19,4.65,4.19,86.98,9,10,9,187,215,24.23,59.42,16.34,0,38.47,94.47,25.94,0,158.882,63.2,66,8.17927e-4
534,8.33,8.33,4.69,78.65,16,16,9,151,192,42.05,29.08,28.87,0,56.72,39.22,38.96,0,134.9,85.7,67,0.00143589
535,51.76,4.52,4.02,39.7,103,9,8,79,199,79.27,14.11,6.63,0,12.47,2.26,1.07,0,15.796,100,100,0.0127644
536,91.98,1.27,0,6.75,218,3,0,16,237,90.89,4.77,4.34,0,115.52,6.08,5.94,0,127.541,100,100,0.028575
537,31.82,30.91,22.73,14.55,70,68,50,32,220,42.78,31.21,26.01,0,62.64,45.69,38.09,0,146.407,99.5,100,0.00397819
538,56.77,12.9,9.68,20.65,88,20,15,32,155,76.7,12.61,10.69,0,147.53,24.25,20.57,0,192.353,100,100,0.00716146
539,99.57,0.43,0,0,232,1,0,0,233,97.28,1.52,1.2,0,201.48,3.16,2.49,0,207.135,100,100,0.0345381
540,79.67,0.55,0,19.78,145,1,0,36,182,84.3,8.06,7.64,0,311.98,29.84,28.29,0,370.11,100,100,0.0234725
541,45.13,2.65,2.21,50,102,6,5,113,226,59.37,22.23,18.4,0,23.44,8.85,7.34,0,39.623,100,100,0.0111242
542,67.44,5.12,4.19,23.26,145,11,9,50,215,68.19,20.19,11.63,0,61.17,18.18,10.47,0,89.818,100,100,0.0146525
543,33.64,23.18,20,23.18,74,51,44,51,220,44.9,29.18,25.91,0,105.96,68.9,61.18,0,236.043,99.7,100,0.00359578
544,47.16,14.2,11.93,26.7,83,25,21,47,176,54.72,23.03,22.25,0,199.57,83.99,81.17,0,364.729,100,100,0.00514074
545,80.47,3.26,2.79,13.49,173,7,6,29,215,83.12,8.53,8.36,0,197.19,20.24,19.84,0,237.278,100,100,0.0194912
546,97.7,0.57,0,1.72,170,1,0,3,174,92.84,4.12,3.04,0,221.13,9.84,7.24,0,238.202,100,100,0.0449855
547,90.28,3.7,1.39,4.63,195,8,3,10,216,87.04,8.4,4.56,0,156.37,15.12,8.2,0,179.689,100,100,0.0203615
548,33.02,15.57,11.79,39.62,70,33,25,84,212,50.9,28.46,20.64,0,27.3,15.31,11.14,0,53.75,100,100,0.00356195
549,32.27,25.91,14.09,27.73,71,57,31,61,220,51.51,29.02,19.47,0,142,80.02,53.69,0,275.711,99.8,100,0.00351203
